processo,setor,ordem,data,resumo,desc_folha
001487/2025,CCD,1,13/05/2025,Capa,False
001487/2025,CCD,2,26/11/2019,Evento do Processo Original,False
001487/2025,CCD,3,28/11/2019,Evento do Processo Original,False
001487/2025,CCD,4,28/11/2019,Evento do Processo Original,False
001487/2025,CCD,5,28/11/2019,Evento do Processo Original,False
001487/2025,CCD,6,03/12/2019,Evento do Processo Original,False
001487/2025,CCD,7,03/12/2019,Evento do Processo Original,False
001487/2025,CCD,8,05/12/2019,Evento do Processo Original,False
001487/2025,CCD,9,05/12/2019,Evento do Processo Original,False
001487/2025,CCD,10,05/12/2019,Evento do Processo Original,False
001487/2025,CCD,11,05/12/2019,Evento do Processo Original,False
001487/2025,CCD,12,05/12/2019,Evento do Processo Original,False
001487/2025,CCD,13,06/12/2019,Evento do Processo Original,False
001487/2025,CCD,14,06/12/2019,Evento do Processo Original,False
001487/2025,CCD,15,06/12/2019,Evento do Processo Original,False
001487/2025,CCD,16,06/12/2019,Evento do Processo Original,False
001487/2025,CCD,17,06/12/2019,Evento do Processo Original,False
001487/2025,CCD,18,06/12/2019,Evento do Processo Original,False
001487/2025,CCD,19,09/12/2019,Evento do Processo Original,False
001487/2025,CCD,20,09/12/2019,Evento do Processo Original,False
001487/2025,CCD,21,12/12/2019,Evento do Processo Original,False
001487/2025,CCD,22,17/12/2019,Evento do Processo Original,False
001487/2025,CCD,23,07/01/2020,Evento do Processo Original,False
001487/2025,CCD,24,09/01/2020,Evento do Processo Original,False
001487/2025,CCD,25,09/01/2020,Evento do Processo Original,False
001487/2025,CCD,26,09/01/2020,Evento do Processo Original,False
001487/2025,CCD,27,13/01/2020,Evento do Processo Original,False
001487/2025,CCD,28,14/01/2020,Evento do Processo Original,False
001487/2025,CCD,29,14/01/2020,Evento do Processo Original,False
001487/2025,CCD,30,17/01/2020,Evento do Processo Original,False
001487/2025,CCD,31,21/01/2020,Evento do Processo Original,False
001487/2025,CCD,32,21/01/2020,Evento do Processo Original,False
001487/2025,CCD,33,21/01/2020,Evento do Processo Original,False
001487/2025,CCD,34,24/01/2020,Evento do Processo Original,False
001487/2025,CCD,35,24/01/2020,Evento do Processo Original,False
001487/2025,CCD,36,24/01/2020,Evento do Processo Original,False
001487/2025,CCD,37,28/01/2020,Evento do Processo Original,False
001487/2025,CCD,38,28/01/2020,Evento do Processo Original,False
001487/2025,CCD,39,28/01/2020,Evento do Processo Original,False
001487/2025,CCD,40,28/01/2020,Evento do Processo Original,False
001487/2025,CCD,41,28/01/2020,Evento do Processo Original,False
001487/2025,CCD,42,28/01/2020,Evento do Processo Original,False
001487/2025,CCD,43,30/01/2020,Evento do Processo Original,False
001487/2025,CCD,44,31/01/2020,Evento do Processo Original,False
001487/2025,CCD,45,31/01/2020,Evento do Processo Original,False
001487/2025,CCD,46,03/02/2020,Evento do Processo Original,False
001487/2025,CCD,47,10/02/2020,Evento do Processo Original,False
001487/2025,CCD,48,12/02/2020,Evento do Processo Original,False
001487/2025,CCD,49,14/02/2020,Evento do Processo Original,False
001487/2025,CCD,50,17/02/2020,Evento do Processo Original,False
001487/2025,CCD,51,17/02/2020,Evento do Processo Original,False
001487/2025,CCD,52,19/02/2020,Evento do Processo Original,False
001487/2025,CCD,53,20/02/2020,Evento do Processo Original,False
001487/2025,CCD,54,20/02/2020,Evento do Processo Original,False
001487/2025,CCD,55,28/02/2020,Evento do Processo Original,False
001487/2025,CCD,56,28/02/2020,Evento do Processo Original,False
001487/2025,CCD,57,28/02/2020,Evento do Processo Original,False
001487/2025,CCD,58,28/02/2020,Evento do Processo Original,False
001487/2025,CCD,59,03/03/2020,Evento do Processo Original,False
001487/2025,CCD,60,24/03/2020,Evento do Processo Original,False
001487/2025,CCD,61,13/10/2020,Evento do Processo Original,False
001487/2025,CCD,62,13/10/2020,Evento do Processo Original,False
001487/2025,CCD,63,14/10/2020,Evento do Processo Original,False
001487/2025,CCD,64,19/10/2020,Evento do Processo Original,False
001487/2025,CCD,65,19/10/2020,Evento do Processo Original,False
001487/2025,CCD,66,19/10/2020,Evento do Processo Original,False
001487/2025,CCD,67,22/10/2020,Evento do Processo Original,False
001487/2025,CCD,68,12/11/2020,Evento do Processo Original,False
001487/2025,CCD,69,22/01/2021,Evento do Processo Original,False
001487/2025,CCD,70,01/02/2021,Evento do Processo Original,False
001487/2025,CCD,71,01/02/2021,Evento do Processo Original,False
001487/2025,CCD,72,01/02/2021,Evento do Processo Original,False
001487/2025,CCD,73,01/02/2021,Evento do Processo Original,False
001487/2025,CCD,74,03/02/2021,Evento do Processo Original,False
001487/2025,CCD,75,04/02/2021,Evento do Processo Original,False
001487/2025,CCD,76,24/02/2021,Evento do Processo Original,False
001487/2025,CCD,77,24/02/2021,Evento do Processo Original,False
001487/2025,CCD,78,24/02/2021,Evento do Processo Original,False
001487/2025,CCD,79,24/02/2021,Evento do Processo Original,False
001487/2025,CCD,80,24/02/2021,Evento do Processo Original,False
001487/2025,CCD,81,24/02/2021,Evento do Processo Original,False
001487/2025,CCD,82,24/02/2021,Evento do Processo Original,False
001487/2025,CCD,83,25/02/2021,Evento do Processo Original,False
001487/2025,CCD,84,18/05/2023,Evento do Processo Original,False
001487/2025,CCD,85,04/07/2023,Evento do Processo Original,False
001487/2025,CCD,86,02/08/2023,Evento do Processo Original,False
001487/2025,CCD,87,09/08/2023,Evento do Processo Original,False
001487/2025,CCD,88,09/08/2023,Evento do Processo Original,False
001487/2025,CCD,89,09/08/2023,Evento do Processo Original,False
001487/2025,CCD,90,23/08/2023,Evento do Processo Original,False
001487/2025,CCD,91,10/01/2025,Evento do Processo Original,False
001487/2025,CCD,92,15/01/2025,Evento do Processo Original,False
001487/2025,CCD,93,10/02/2025,Evento do Processo Original,False
001487/2025,CCD,94,11/03/2025,Evento do Processo Original,False
001487/2025,CCD,95,11/03/2025,Evento do Processo Original,False
001487/2025,CCD,96,11/03/2025,Evento do Processo Original,False
001487/2025,CCD,97,11/03/2025,Evento do Processo Original,False
001487/2025,CCD,98,11/03/2025,Evento do Processo Original,False
001487/2025,CCD,99,25/03/2025,Evento do Processo Original,False
001487/2025,CCD,100,02/04/2025,Evento do Processo Original,False
001487/2025,CCD,101,08/04/2025,Evento do Processo Original,False
001487/2025,CCD,102,08/04/2025,Evento do Processo Original,False
001487/2025,CCD,103,13/05/2025,Certidão de Inscrição no Cadastro Informativo de Créditos não Quitados,False
001487/2025,CCD,104,13/05/2025,Certidão de Inscrição no Cadastro Informativo de Créditos não Quitados,False
005310/2017,DAE_EXP,35,05/09/2018,Termo de Apensamento,False
005310/2017,DAE_EXP,37,05/12/2018,Termo de Apensamento,False
005310/2017,DAE_EXP,38,25/01/2019,Termo de Apensamento,False
005310/2017,DAE_EXP,39,28/01/2019,Baixa de Dívida,False
005310/2017,DAE_EXP,40,28/01/2019,Baixa de Dívida,False
005310/2017,DAE_EXP,41,28/01/2019,Baixa de Dívida,False
005310/2017,DAE_EXP,42,28/01/2019,Baixa de Dívida,False
005310/2017,DAE_EXP,43,28/01/2019,Baixa de Dívida,False
005310/2017,DAE_EXP,44,28/01/2019,Baixa de Dívida,False
005310/2017,DAE_EXP,45,28/01/2019,Baixa de Dívida,False
005310/2017,DAE_EXP,46,07/02/2019,Termo de Apensamento,False
005310/2017,DAE_EXP,47,11/03/2019,Termo de Apensamento,False
005310/2017,DAE_EXP,48,11/04/2019,Termo de Apensamento,False
005310/2017,DAE_EXP,9,17/05/2017,Informação de Retorno do AR,False
005310/2017,DAE_EXP,10,17/05/2017,Informação de Retorno do AR,False
000133/2022,DAE_SEI,2,24/01/2017,Evento do Processo Original,False
000133/2022,DAE_SEI,3,30/09/2019,Evento do Processo Original,False
000133/2022,DAE_SEI,4,07/10/2019,Evento do Processo Original,False
000133/2022,DAE_SEI,5,09/10/2019,Evento do Processo Original,False
000133/2022,DAE_SEI,6,14/10/2019,Evento do Processo Original,False
000133/2022,DAE_SEI,7,14/10/2019,Evento do Processo Original,False
000133/2022,DAE_SEI,8,31/10/2019,Evento do Processo Original,False
000133/2022,DAE_SEI,9,04/11/2019,Evento do Processo Original,False
000133/2022,DAE_SEI,10,04/11/2019,Evento do Processo Original,False
000133/2022,DAE_SEI,11,04/11/2019,Evento do Processo Original,False
000133/2022,DAE_SEI,12,04/11/2019,Evento do Processo Original,False
000133/2022,DAE_SEI,13,12/11/2019,Evento do Processo Original,False
000133/2022,DAE_SEI,14,25/11/2019,Evento do Processo Original,False
000133/2022,DAE_SEI,15,11/12/2019,Evento do Processo Original,False
000133/2022,DAE_SEI,16,11/12/2019,Evento do Processo Original,False
000133/2022,DAE_SEI,17,11/12/2019,Evento do Processo Original,False
000133/2022,DAE_SEI,18,11/12/2019,Evento do Processo Original,False
000133/2022,DAE_SEI,19,11/12/2019,Evento do Processo Original,False
000133/2022,DAE_SEI,20,17/12/2019,Evento do Processo Original,False
000133/2022,DAE_SEI,21,19/12/2019,Evento do Processo Original,False
000133/2022,DAE_SEI,22,13/01/2020,Evento do Processo Original,False
000133/2022,DAE_SEI,23,14/01/2020,Evento do Processo Original,False
000133/2022,DAE_SEI,24,14/01/2020,Evento do Processo Original,False
000133/2022,DAE_SEI,25,16/01/2020,Evento do Processo Original,False
000133/2022,DAE_SEI,26,13/07/2021,Evento do Processo Original,False
000133/2022,DAE_SEI,27,14/07/2021,Evento do Processo Original,False
000133/2022,DAE_SEI,28,15/07/2021,Evento do Processo Original,False
000133/2022,DAE_SEI,29,27/07/2021,Evento do Processo Original,False
000133/2022,DAE_SEI,30,11/08/2021,Evento do Processo Original,False
000133/2022,DAE_SEI,31,12/01/2022,Evento do Processo Original,False
000133/2022,DAE_SEI,32,12/01/2022,Evento do Processo Original,False
000133/2022,DAE_SEI,33,13/01/2022,Evento do Processo Original,False
000133/2022,DAE_SEI,34,13/01/2022,Evento do Processo Original,False
000133/2022,DAE_SEI,35,15/01/2022,Evento do Processo Original,False
000133/2022,DAE_SEI,36,11/02/2022,Evento do Processo Original,False
000133/2022,DAE_SEI,37,24/03/2022,Evento do Processo Original,False
000133/2022,DAE_SEI,38,24/03/2022,Evento do Processo Original,False
000133/2022,DAE_SEI,39,28/03/2022,Evento do Processo Original,False
000133/2022,DAE_SEI,40,08/04/2022,Certidão de Inscrição no Cadastro Informativo de Créditos não Quitados,False
000134/2022,DAE_SEI,2,24/07/2018,Evento do Processo Original,False
000134/2022,DAE_SEI,3,24/07/2018,Evento do Processo Original,False
000134/2022,DAE_SEI,4,24/07/2018,Evento do Processo Original,False
000134/2022,DAE_SEI,5,24/07/2018,Evento do Processo Original,False
000134/2022,DAE_SEI,6,24/07/2018,Evento do Processo Original,False
000134/2022,DAE_SEI,7,24/07/2018,Evento do Processo Original,False
000134/2022,DAE_SEI,8,24/07/2018,Evento do Processo Original,False
000134/2022,DAE_SEI,9,24/07/2018,Evento do Processo Original,False
000134/2022,DAE_SEI,10,24/07/2018,Evento do Processo Original,False
000134/2022,DAE_SEI,11,24/07/2018,Evento do Processo Original,False
000134/2022,DAE_SEI,12,24/07/2018,Evento do Processo Original,False
000134/2022,DAE_SEI,13,24/07/2018,Evento do Processo Original,False
000134/2022,DAE_SEI,14,24/07/2018,Evento do Processo Original,False
000134/2022,DAE_SEI,15,24/07/2018,Evento do Processo Original,False
000134/2022,DAE_SEI,16,24/07/2018,Evento do Processo Original,False
000134/2022,DAE_SEI,17,24/07/2018,Evento do Processo Original,False
000134/2022,DAE_SEI,18,24/07/2018,Evento do Processo Original,False
000134/2022,DAE_SEI,19,24/07/2018,Evento do Processo Original,False
000134/2022,DAE_SEI,20,24/07/2018,Evento do Processo Original,False
000134/2022,DAE_SEI,21,24/07/2018,Evento do Processo Original,False
000134/2022,DAE_SEI,22,08/10/2019,Evento do Processo Original,False
000134/2022,DAE_SEI,23,09/10/2019,Evento do Processo Original,False
000134/2022,DAE_SEI,24,19/10/2020,Evento do Processo Original,False
000134/2022,DAE_SEI,25,19/10/2020,Evento do Processo Original,False
002564/2024,CCD,56,02/10/2025,Suspensão do Débito...................................................,False
003380/2024,CCD,69,02/10/2025,Suspensão do Débito...................................................,False
005310/2017,CCD,79,15/10/2025,Deliberação do Relator.,False
005310/2017,DAE_EXP,49,27/06/2019,Baixa de Dívida,False
000101/2022,DAE_SEI,2,16/01/2018,Evento do Processo Original,False
000101/2022,DAE_SEI,3,26/09/2019,Evento do Processo Original,False
000101/2022,DAE_SEI,4,27/09/2019,Evento do Processo Original,False
000101/2022,DAE_SEI,5,13/10/2020,Evento do Processo Original,False
000101/2022,DAE_SEI,6,13/10/2020,Evento do Processo Original,False
000101/2022,DAE_SEI,7,26/10/2020,Evento do Processo Original,False
000101/2022,DAE_SEI,8,28/10/2020,Evento do Processo Original,False
000101/2022,DAE_SEI,9,11/11/2020,Evento do Processo Original,False
000101/2022,DAE_SEI,10,11/11/2020,Evento do Processo Original,False
000101/2022,DAE_SEI,11,11/11/2020,Evento do Processo Original,False
000101/2022,DAE_SEI,12,27/11/2020,Evento do Processo Original,False
000101/2022,DAE_SEI,13,02/12/2020,Evento do Processo Original,False
000101/2022,DAE_SEI,14,07/12/2020,Evento do Processo Original,False
000101/2022,DAE_SEI,15,28/01/2021,Evento do Processo Original,False
000101/2022,DAE_SEI,16,29/01/2021,Evento do Processo Original,False
000101/2022,DAE_SEI,17,12/03/2021,Evento do Processo Original,False
000101/2022,DAE_SEI,18,12/03/2021,Evento do Processo Original,False
000101/2022,DAE_SEI,19,12/03/2021,Evento do Processo Original,False
000101/2022,DAE_SEI,20,12/03/2021,Evento do Processo Original,False
000101/2022,DAE_SEI,21,12/03/2021,Evento do Processo Original,False
000101/2022,DAE_SEI,22,16/03/2021,Evento do Processo Original,False
000101/2022,DAE_SEI,23,19/04/2021,Evento do Processo Original,False
000101/2022,DAE_SEI,24,15/06/2021,Evento do Processo Original,False
000101/2022,DAE_SEI,25,15/06/2021,Evento do Processo Original,False
000101/2022,DAE_SEI,26,15/06/2021,Evento do Processo Original,False
000101/2022,DAE_SEI,27,06/07/2021,Evento do Processo Original,False
000101/2022,DAE_SEI,28,08/07/2021,Evento do Processo Original,False
000101/2022,DAE_SEI,29,28/07/2021,Evento do Processo Original,False
000101/2022,DAE_SEI,30,01/09/2021,Evento do Processo Original,False
000101/2022,DAE_SEI,31,01/09/2021,Evento do Processo Original,False
000101/2022,DAE_SEI,32,13/09/2021,Evento do Processo Original,False
000101/2022,DAE_SEI,33,20/10/2021,Evento do Processo Original,False
000101/2022,DAE_SEI,34,29/11/2021,Evento do Processo Original,False
000101/2022,DAE_SEI,35,16/12/2021,Evento do Processo Original,False
000101/2022,DAE_SEI,36,21/01/2022,Evento do Processo Original,False
000101/2022,DAE_SEI,37,21/01/2022,Evento do Processo Original,False
000101/2022,DAE_SEI,38,26/01/2022,Evento do Processo Original,False
000101/2022,DAE_SEI,39,18/02/2022,Evento do Processo Original,False
000101/2022,DAE_SEI,40,23/03/2022,Evento do Processo Original,False
000101/2022,DAE_SEI,41,23/03/2022,Evento do Processo Original,False
000101/2022,DAE_SEI,42,30/03/2022,Evento do Processo Original,False
000101/2022,DAE_SEI,43,06/04/2022,Certidão de Inscrição no Cadastro Informativo de Créditos não Quitados,False
000115/2022,DAE_SEI,2,03/08/2017,Evento do Processo Original,False
000115/2022,DAE_SEI,3,18/09/2019,Evento do Processo Original,False
000115/2022,DAE_SEI,4,10/10/2019,Evento do Processo Original,False
000115/2022,DAE_SEI,5,19/10/2020,Evento do Processo Original,False
000115/2022,DAE_SEI,6,19/10/2020,Evento do Processo Original,False
000115/2022,DAE_SEI,7,10/11/2020,Evento do Processo Original,False
000115/2022,DAE_SEI,8,13/11/2020,Evento do Processo Original,False
000115/2022,DAE_SEI,9,23/11/2020,Evento do Processo Original,False
000115/2022,DAE_SEI,10,23/11/2020,Evento do Processo Original,False
000115/2022,DAE_SEI,11,23/11/2020,Evento do Processo Original,False
000115/2022,DAE_SEI,12,02/12/2020,Evento do Processo Original,False
000115/2022,DAE_SEI,13,04/12/2020,Evento do Processo Original,False
000115/2022,DAE_SEI,14,19/02/2021,Evento do Processo Original,False
000115/2022,DAE_SEI,15,19/02/2021,Evento do Processo Original,False
000115/2022,DAE_SEI,16,19/02/2021,Evento do Processo Original,False
000115/2022,DAE_SEI,17,19/02/2021,Evento do Processo Original,False
000115/2022,DAE_SEI,18,19/02/2021,Evento do Processo Original,False
000115/2022,DAE_SEI,19,09/03/2021,Evento do Processo Original,False
000115/2022,DAE_SEI,20,15/04/2021,Evento do Processo Original,False
000115/2022,DAE_SEI,21,17/06/2021,Evento do Processo Original,False
000115/2022,DAE_SEI,22,17/06/2021,Evento do Processo Original,False
000115/2022,DAE_SEI,23,17/06/2021,Evento do Processo Original,False
000115/2022,DAE_SEI,24,06/07/2021,Evento do Processo Original,False
000115/2022,DAE_SEI,25,14/07/2021,Evento do Processo Original,False
000115/2022,DAE_SEI,26,02/08/2021,Evento do Processo Original,False
000115/2022,DAE_SEI,27,03/09/2021,Evento do Processo Original,False
000115/2022,DAE_SEI,28,03/09/2021,Evento do Processo Original,False
000115/2022,DAE_SEI,29,13/09/2021,Evento do Processo Original,False
000115/2022,DAE_SEI,30,18/10/2021,Evento do Processo Original,False
000115/2022,DAE_SEI,31,01/11/2021,Evento do Processo Original,False
000115/2022,DAE_SEI,32,17/12/2021,Evento do Processo Original,False
000115/2022,DAE_SEI,33,24/01/2022,Evento do Processo Original,False
000115/2022,DAE_SEI,34,24/01/2022,Evento do Processo Original,False
000115/2022,DAE_SEI,35,27/01/2022,Evento do Processo Original,False
000115/2022,DAE_SEI,36,08/02/2022,Evento do Processo Original,False
000115/2022,DAE_SEI,37,23/03/2022,Evento do Processo Original,False
000115/2022,DAE_SEI,38,23/03/2022,Evento do Processo Original,False
000115/2022,DAE_SEI,39,03/04/2022,Evento do Processo Original,False
000119/2022,DAE_SEI,2,28/07/2017,Evento do Processo Original,False
000119/2022,DAE_SEI,3,16/10/2019,Evento do Processo Original,False
000119/2022,DAE_SEI,4,28/02/2020,Evento do Processo Original,False
000119/2022,DAE_SEI,5,03/03/2020,Evento do Processo Original,False
000101/2022,CCD,63,15/09/2025,Certidão de Inscrição no Cadastro Informativo de Créditos não Quitados,False
000115/2022,CCD,56,15/09/2025,Certidão de Inscrição no Cadastro Informativo de Créditos não Quitados,False
000119/2022,CCD,50,15/09/2025,Certidão de Inscrição no Cadastro Informativo de Créditos não Quitados,False
000123/2022,CCD,48,15/09/2025,Certidão de Inscrição no Cadastro Informativo de Créditos não Quitados,False
000101/2022,CCD,64,15/09/2025,Determinação para Desconto em Folha...,True
000119/2022,CCD,51,15/09/2025,Determinação para Desconto em Folha...,True
000123/2022,CCD,49,15/09/2025,Determinação para Desconto em Folha...,True
000115/2022,CCD,57,16/09/2025,Determinação para Desconto em Folha...,True
005310/2017,DAE_EXP,64,27/10/2020,Intimação n 003816/2020 - DAE,False
005310/2017,DAE_EXP,65,17/11/2020,Espelho de comunicação processual....,False
005310/2017,DAE_EXP,66,17/11/2020,Certidão DAE,False
000130/2023,DAE_EXP,68,13/11/2024,"Notificação nº 001981/2024 - DAE - SECRETARIA DE ESTADO DA ADMINISTRAÇÃO E RECURSO HUMANOS, POR SEU ATUAL GESTOR",False
000130/2023,DAE_EXP,71,08/01/2025,Processo_apensamento_TCE,False
000130/2023,DAE_EXP,72,10/01/2025,Tramitacao_Processo_Administrativa,False
000130/2023,DAE_MANDA,66,30/10/2024,Certidão de Inscrição no Cadastro Informativo de Créditos não Quitados,False
000130/2023,DAE_MANDA,67,30/10/2024,Notificação de responsável por desconto de dívida em folha de pagamento..................................................................................,False
005310/2017,DAE_SEI,1,20/04/2017,Capa,False
005310/2017,DAE_SEI,2,11/04/2017,Evento do Processo Original,False
005310/2017,DAE_SEI,3,11/04/2017,Evento do Processo Original,False
005310/2017,DAE_SEI,4,20/04/2017,Certidão de Inscrição no Cadastro Informativo de Créditos não Quitados,False
005310/2017,DAE_SEI,6,20/04/2017,"Citado para, no prazo de 05 (cinco) dias, realizar o pagamento da dívida a que fora condenado, o Sr. _____________________ quedou-se inerte.
Assim sendo, de acordo com o inciso II, do art. 338, do Regimento Interno desta Corte de Contas, o titular do Órgão responsável pela elaboração da folha de pa",False
003686/2022,DAE_SEI,1,24/10/2022,Capa,False
003686/2022,DAE_SEI,2,22/01/2013,Evento do Processo Original,False
003686/2022,DAE_SEI,3,20/02/2013,Evento do Processo Original,False
003686/2022,DAE_SEI,4,21/02/2013,Evento do Processo Original,False
003686/2022,DAE_SEI,5,16/05/2013,Evento do Processo Original,False
003686/2022,DAE_SEI,6,20/06/2013,Evento do Processo Original,False
003686/2022,DAE_SEI,7,02/03/2015,Evento do Processo Original,False
003686/2022,DAE_SEI,8,07/07/2015,Evento do Processo Original,False
003686/2022,DAE_SEI,9,24/07/2015,Evento do Processo Original,False
003686/2022,DAE_SEI,10,04/09/2015,Evento do Processo Original,False
003686/2022,DAE_SEI,11,25/11/2015,Evento do Processo Original,False
003686/2022,DAE_SEI,12,27/11/2015,Evento do Processo Original,False
003686/2022,DAE_SEI,13,17/03/2016,Evento do Processo Original,False
003686/2022,DAE_SEI,14,17/03/2016,Evento do Processo Original,False
003686/2022,DAE_SEI,15,17/03/2016,Evento do Processo Original,False
003686/2022,DAE_SEI,16,11/04/2016,Evento do Processo Original,False
003686/2022,DAE_SEI,17,14/04/2016,Evento do Processo Original,False
003686/2022,DAE_SEI,18,22/04/2016,Evento do Processo Original,False
003686/2022,DAE_SEI,19,09/05/2016,Evento do Processo Original,False
003686/2022,DAE_SEI,20,09/05/2016,Evento do Processo Original,False
003686/2022,DAE_SEI,21,16/05/2016,Evento do Processo Original,False
003686/2022,DAE_SEI,22,23/05/2016,Evento do Processo Original,False
003686/2022,DAE_SEI,23,23/05/2016,Evento do Processo Original,False
003686/2022,DAE_SEI,24,31/05/2016,Evento do Processo Original,False
003686/2022,DAE_SEI,25,07/06/2016,Evento do Processo Original,False
003686/2022,DAE_SEI,26,20/06/2016,Evento do Processo Original,False
003686/2022,DAE_SEI,27,25/07/2016,Evento do Processo Original,False
003686/2022,DAE_SEI,28,12/08/2016,Evento do Processo Original,False
003686/2022,DAE_SEI,29,24/04/2017,Evento do Processo Original,False
003686/2022,DAE_SEI,30,27/04/2017,Evento do Processo Original,False
003686/2022,DAE_SEI,31,30/06/2017,Evento do Processo Original,False
003686/2022,DAE_SEI,32,30/06/2017,Evento do Processo Original,False
003686/2022,DAE_SEI,33,30/06/2017,Evento do Processo Original,False
003686/2022,DAE_SEI,34,30/06/2017,Evento do Processo Original,False
003686/2022,DAE_SEI,35,30/06/2017,Evento do Processo Original,False
003686/2022,DAE_SEI,36,30/06/2017,Evento do Processo Original,False
003686/2022,DAE_SEI,37,05/07/2017,Evento do Processo Original,False
003686/2022,DAE_SEI,38,25/07/2017,Evento do Processo Original,False
003686/2022,DAE_SEI,39,15/10/2020,Evento do Processo Original,False
003686/2022,DAE_SEI,40,14/12/2020,Evento do Processo Original,False
003686/2022,DAE_SEI,41,15/12/2020,Evento do Processo Original,False
003686/2022,DAE_SEI,42,17/12/2020,Evento do Processo Original,False
003686/2022,DAE_SEI,43,28/12/2020,Evento do Processo Original,False
003686/2022,DAE_SEI,44,18/12/2020,Evento do Processo Original,False
003686/2022,DAE_SEI,45,30/03/2021,Evento do Processo Original,False
003686/2022,DAE_SEI,46,31/03/2021,Evento do Processo Original,False
003686/2022,DAE_SEI,47,07/04/2021,Evento do Processo Original,False
003686/2022,DAE_SEI,48,27/04/2021,Evento do Processo Original,False
003686/2022,DAE_SEI,49,07/05/2021,Evento do Processo Original,False
003686/2022,DAE_SEI,50,16/05/2021,Evento do Processo Original,False
003686/2022,DAE_SEI,51,17/05/2021,Evento do Processo Original,False
003686/2022,DAE_SEI,52,17/05/2021,Evento do Processo Original,False
003686/2022,DAE_SEI,53,31/05/2021,Evento do Processo Original,False
003686/2022,DAE_SEI,54,18/06/2021,Evento do Processo Original,False
003686/2022,DAE_SEI,55,06/07/2021,Evento do Processo Original,False
003686/2022,DAE_SEI,56,06/07/2021,Evento do Processo Original,False
003686/2022,DAE_SEI,57,07/07/2021,Evento do Processo Original,False
003686/2022,DAE_SEI,58,27/09/2021,Evento do Processo Original,False
003686/2022,DAE_SEI,59,02/12/2021,Evento do Processo Original,False
003686/2022,DAE_SEI,60,13/12/2021,Evento do Processo Original,False
003686/2022,DAE_SEI,61,15/12/2021,Evento do Processo Original,False
003686/2022,DAE_SEI,62,15/12/2021,Evento do Processo Original,False
003686/2022,DAE_SEI,63,15/12/2021,Evento do Processo Original,False
003686/2022,DAE_SEI,64,20/12/2021,Evento do Processo Original,False
003686/2022,DAE_SEI,65,15/06/2022,Evento do Processo Original,False
003686/2022,DAE_SEI,66,20/06/2022,Evento do Processo Original,False
003686/2022,DAE_SEI,67,21/06/2022,Evento do Processo Original,False
003686/2022,DAE_SEI,68,21/06/2022,Evento do Processo Original,False
003686/2022,DAE_SEI,69,21/06/2022,Evento do Processo Original,False
003686/2022,DAE_SEI,70,21/07/2022,Evento do Processo Original,False
003686/2022,DAE_SEI,71,21/07/2022,Evento do Processo Original,False
003686/2022,DAE_SEI,72,25/07/2022,Evento do Processo Original,False
003686/2022,DAE_SEI,73,26/08/2022,Evento do Processo Original,False
003686/2022,DAE_SEI,74,26/08/2022,Evento do Processo Original,False
003686/2022,DAE_SEI,75,26/08/2022,Evento do Processo Original,False
003686/2022,DAE_SEI,76,26/08/2022,Evento do Processo Original,False
003686/2022,DAE_SEI,77,26/08/2022,Evento do Processo Original,False
003686/2022,DAE_SEI,78,26/08/2022,Evento do Processo Original,False
003686/2022,DAE_SEI,79,26/08/2022,Evento do Processo Original,False
003686/2022,DAE_SEI,80,26/08/2022,Evento do Processo Original,False
003686/2022,DAE_SEI,81,01/09/2022,Evento do Processo Original,False
003686/2022,DAE_SEI,82,05/09/2022,Evento do Processo Original,False
003686/2022,DAE_SEI,83,09/09/2022,Evento do Processo Original,False
003686/2022,DAE_SEI,84,19/10/2022,Evento do Processo Original,False
003686/2022,DAE_SEI,85,21/10/2022,Evento do Processo Original,False
003686/2022,DAE_SEI,86,21/10/2022,Evento do Processo Original,False
003686/2022,DAE_SEI,87,21/10/2022,Evento do Processo Original,False
003686/2022,DAE_SEI,88,21/10/2022,Evento do Processo Original,False
003686/2022,DAE_SEI,89,21/10/2022,Evento do Processo Original,False
003686/2022,DAE_SEI,90,24/10/2022,Certidão de Inscrição no Cadastro Informativo de Créditos não Quitados,False
003687/2022,DAE_SEI,2,16/12/2015,Evento do Processo Original,False
003687/2022,DAE_SEI,3,25/01/2016,Evento do Processo Original,False
003687/2022,DAE_SEI,4,23/08/2017,Evento do Processo Original,False
003687/2022,DAE_SEI,5,24/09/2019,Evento do Processo Original,False
003687/2022,DAE_SEI,6,27/09/2019,Evento do Processo Original,False
003687/2022,DAE_SEI,7,22/06/2020,Evento do Processo Original,False
003687/2022,DAE_SEI,8,10/08/2020,Evento do Processo Original,False
003687/2022,DAE_SEI,9,12/08/2020,Evento do Processo Original,False
003687/2022,DAE_SEI,10,15/08/2020,Evento do Processo Original,False
003687/2022,DAE_SEI,11,15/08/2020,Evento do Processo Original,False
003687/2022,DAE_SEI,12,15/08/2020,Evento do Processo Original,False
003687/2022,DAE_SEI,13,14/10/2020,Evento do Processo Original,False
003687/2022,DAE_SEI,14,06/11/2020,Evento do Processo Original,False
003687/2022,DAE_SEI,15,05/02/2021,Evento do Processo Original,False
003687/2022,DAE_SEI,16,05/02/2021,Evento do Processo Original,False
003687/2022,DAE_SEI,17,05/02/2021,Evento do Processo Original,False
003687/2022,DAE_SEI,18,05/02/2021,Evento do Processo Original,False
003687/2022,DAE_SEI,19,05/02/2021,Evento do Processo Original,False
003687/2022,DAE_SEI,20,24/02/2021,Evento do Processo Original,False
003687/2022,DAE_SEI,21,10/03/2021,Evento do Processo Original,False
003687/2022,DAE_SEI,22,12/05/2021,Evento do Processo Original,False
003687/2022,DAE_SEI,23,12/05/2021,Evento do Processo Original,False
003687/2022,DAE_SEI,24,12/05/2021,Evento do Processo Original,False
003687/2022,DAE_SEI,25,12/05/2021,Evento do Processo Original,False
003687/2022,DAE_SEI,26,19/05/2021,Evento do Processo Original,False
003687/2022,DAE_SEI,27,28/05/2021,Evento do Processo Original,False
003687/2022,DAE_SEI,28,27/07/2021,Evento do Processo Original,False
003687/2022,DAE_SEI,29,27/07/2021,Evento do Processo Original,False
003687/2022,DAE_SEI,30,27/07/2021,Evento do Processo Original,False
003687/2022,DAE_SEI,31,28/07/2021,Evento do Processo Original,False
003687/2022,DAE_SEI,32,29/09/2021,Evento do Processo Original,False
003687/2022,DAE_SEI,33,09/11/2021,Evento do Processo Original,False
003687/2022,DAE_SEI,34,17/11/2021,Evento do Processo Original,False
003687/2022,DAE_SEI,35,17/11/2021,Evento do Processo Original,False
003687/2022,DAE_SEI,36,21/02/2022,Evento do Processo Original,False
003687/2022,DAE_SEI,37,17/03/2022,Evento do Processo Original,False
003687/2022,DAE_SEI,38,06/04/2022,Evento do Processo Original,False
003687/2022,DAE_SEI,39,11/04/2022,Evento do Processo Original,False
003687/2022,DAE_SEI,40,26/04/2022,Evento do Processo Original,False
003687/2022,DAE_SEI,41,26/04/2022,Evento do Processo Original,False
003687/2022,DAE_SEI,42,26/04/2022,Evento do Processo Original,False
003687/2022,DAE_SEI,43,26/04/2022,Evento do Processo Original,False
003687/2022,DAE_SEI,44,02/05/2022,Evento do Processo Original,False
003687/2022,DAE_SEI,45,04/05/2022,Evento do Processo Original,False
003687/2022,DAE_SEI,46,05/05/2022,Evento do Processo Original,False
003687/2022,DAE_SEI,47,21/07/2022,Evento do Processo Original,False
003687/2022,DAE_SEI,48,21/07/2022,Evento do Processo Original,False
003687/2022,DAE_SEI,49,21/07/2022,Evento do Processo Original,False
003687/2022,DAE_SEI,50,21/07/2022,Evento do Processo Original,False
003687/2022,DAE_SEI,51,21/07/2022,Evento do Processo Original,False
003687/2022,DAE_SEI,52,21/07/2022,Evento do Processo Original,False
003687/2022,DAE_SEI,53,25/07/2022,Evento do Processo Original,False
003687/2022,DAE_SEI,54,25/07/2022,Evento do Processo Original,False
003687/2022,DAE_SEI,55,04/08/2022,Evento do Processo Original,False
003687/2022,DAE_SEI,56,09/08/2022,Evento do Processo Original,False
003687/2022,DAE_SEI,57,09/08/2022,Evento do Processo Original,False
003687/2022,DAE_SEI,58,13/09/2022,Evento do Processo Original,False
003687/2022,DAE_SEI,59,13/09/2022,Evento do Processo Original,False
000133/2022,CCD,55,31/03/2026,Cancelamento de Dívida,False
000134/2022,CCD,68,06/04/2026,Certidão de Inscrição no Cadastro Informativo de Créditos não Quitados,False
005310/2017,DAE_EXP,19,15/12/2017,Baixa de Dívida,False
005310/2017,DAE_EXP,20,15/12/2017,Baixa de Dívida,False
005310/2017,DAE_EXP,21,15/12/2017,Baixa de Dívida,False
005310/2017,DAE_EXP,22,15/12/2017,Baixa de Dívida,False
005310/2017,DAE_EXP,23,01/03/2018,Baixa de Dívida,False
005310/2017,DAE_EXP,24,01/03/2018,Baixa de Dívida,False
005310/2017,DAE_EXP,28,17/07/2018,Baixa de Dívida,False
005310/2017,DAE_EXP,29,17/07/2018,Baixa de Dívida,False
005310/2017,DAE_EXP,30,17/07/2018,Baixa de Dívida,False
005310/2017,DAE_EXP,31,17/07/2018,Baixa de Dívida,False
005310/2017,DAE_EXP,32,17/07/2018,Baixa de Dívida,False
005310/2017,DAE_EXP,33,17/07/2018,Baixa de Dívida,False
005310/2017,DAE_EXP,75,10/04/2024,"Citação nº 000507/2024 - DAE -  Nereu Batista Linhares - Presidente do IPERN
",False
005310/2017,DAE_EXP,76,20/05/2024,Certidão DAE,False
002701/2022,DAE_EXP,50,24/05/2024,Certidão DAE,False
002701/2022,DAE_MANDA,46,08/02/2024,MANDADO DE CITAÇÃO COM VISTAS AO CUMPRIMENTO DE DECISÃO NO PRAZO DE 05 DIAS..............................................................................,False
005310/2017,DAE_MANDA,74,14/03/2024,MANDADO DE CITAÇÃO COM VISTAS AO CUMPRIMENTO DE DECISÃO NO PRAZO DE 05 DIAS..............................................................................,False
002701/2022,DAE_SEI,2,23/10/2017,Evento do Processo Original,False
002701/2022,DAE_SEI,3,23/10/2017,Evento do Processo Original,False
002701/2022,DAE_SEI,4,20/03/2019,Evento do Processo Original,False
002701/2022,DAE_SEI,5,26/09/2019,Evento do Processo Original,False
002701/2022,DAE_SEI,6,27/09/2019,Evento do Processo Original,False
002701/2022,DAE_SEI,7,08/10/2019,Evento do Processo Original,False
002701/2022,DAE_SEI,8,08/10/2019,Evento do Processo Original,False
002701/2022,DAE_SEI,9,24/10/2019,Evento do Processo Original,False
002701/2022,DAE_SEI,10,29/10/2019,Evento do Processo Original,False
002701/2022,DAE_SEI,11,04/11/2019,Evento do Processo Original,False
002701/2022,DAE_SEI,12,04/11/2019,Evento do Processo Original,False
002701/2022,DAE_SEI,13,04/11/2019,Evento do Processo Original,False
002701/2022,DAE_SEI,14,08/11/2019,Evento do Processo Original,False
002701/2022,DAE_SEI,15,18/11/2019,Evento do Processo Original,False
002701/2022,DAE_SEI,16,27/11/2019,Evento do Processo Original,False
002701/2022,DAE_SEI,17,06/12/2019,Evento do Processo Original,False
002701/2022,DAE_SEI,18,06/12/2019,Evento do Processo Original,False
002701/2022,DAE_SEI,19,20/12/2019,Evento do Processo Original,False
002701/2022,DAE_SEI,20,06/02/2020,Evento do Processo Original,False
002701/2022,DAE_SEI,21,06/02/2020,Evento do Processo Original,False
002701/2022,DAE_SEI,22,06/02/2020,Evento do Processo Original,False
002701/2022,DAE_SEI,23,06/02/2020,Evento do Processo Original,False
002701/2022,DAE_SEI,24,06/02/2020,Evento do Processo Original,False
002701/2022,DAE_SEI,25,05/03/2020,Evento do Processo Original,False
002701/2022,DAE_SEI,26,12/03/2020,Evento do Processo Original,False
002701/2022,DAE_SEI,27,19/11/2020,Evento do Processo Original,False
002701/2022,DAE_SEI,28,19/11/2020,Evento do Processo Original,False
002701/2022,DAE_SEI,29,19/11/2020,Evento do Processo Original,False
002701/2022,DAE_SEI,30,13/07/2021,Evento do Processo Original,False
002701/2022,DAE_SEI,31,21/07/2021,Evento do Processo Original,False
002701/2022,DAE_SEI,32,10/08/2021,Evento do Processo Original,False
002701/2022,DAE_SEI,33,17/08/2021,Evento do Processo Original,False
002701/2022,DAE_SEI,34,05/04/2022,Evento do Processo Original,False
002701/2022,DAE_SEI,35,03/05/2022,Evento do Processo Original,False
002701/2022,DAE_SEI,36,30/05/2022,Evento do Processo Original,False
002701/2022,DAE_SEI,37,30/05/2022,Evento do Processo Original,False
002701/2022,DAE_SEI,38,05/06/2022,Evento do Processo Original,False
002701/2022,DAE_SEI,39,14/06/2022,Evento do Processo Original,False
002701/2022,DAE_SEI,40,13/07/2022,Evento do Processo Original,False
002701/2022,DAE_SEI,41,13/07/2022,Evento do Processo Original,False
002701/2022,DAE_SEI,42,13/07/2022,Certidão de Inscrição no Cadastro Informativo de Créditos não Quitados,False
003006/2022,DAE_SEI,2,25/07/2017,Evento do Processo Original,False
003006/2022,DAE_SEI,3,28/10/2019,Evento do Processo Original,False
003006/2022,DAE_SEI,4,27/03/2020,Evento do Processo Original,False
003006/2022,DAE_SEI,5,01/04/2020,Evento do Processo Original,False
003006/2022,DAE_SEI,6,01/04/2020,Evento do Processo Original,False
003006/2022,DAE_SEI,7,25/03/2021,Evento do Processo Original,False
003006/2022,DAE_SEI,8,25/03/2021,Evento do Processo Original,False
003006/2022,DAE_SEI,9,07/04/2021,Evento do Processo Original,False
003006/2022,DAE_SEI,10,09/04/2021,Evento do Processo Original,False
003006/2022,DAE_SEI,11,19/04/2021,Evento do Processo Original,False
003006/2022,DAE_SEI,12,19/04/2021,Evento do Processo Original,False
003006/2022,DAE_SEI,13,19/04/2021,Evento do Processo Original,False
003006/2022,DAE_SEI,14,14/05/2021,Evento do Processo Original,False
003006/2022,DAE_SEI,15,21/05/2021,Evento do Processo Original,False
003006/2022,DAE_SEI,16,11/06/2021,Evento do Processo Original,False
003006/2022,DAE_SEI,17,11/06/2021,Evento do Processo Original,False
003006/2022,DAE_SEI,18,11/06/2021,Evento do Processo Original,False
003006/2022,DAE_SEI,19,11/06/2021,Evento do Processo Original,False
003006/2022,DAE_SEI,20,11/06/2021,Evento do Processo Original,False
003006/2022,DAE_SEI,21,17/06/2021,Evento do Processo Original,False
003006/2022,DAE_SEI,22,07/07/2021,Evento do Processo Original,False
003006/2022,DAE_SEI,23,08/09/2021,Evento do Processo Original,False
003006/2022,DAE_SEI,24,08/09/2021,Evento do Processo Original,False
003006/2022,DAE_SEI,25,08/09/2021,Evento do Processo Original,False
003006/2022,DAE_SEI,26,06/11/2021,Evento do Processo Original,False
003006/2022,DAE_SEI,27,18/11/2021,Evento do Processo Original,False
003006/2022,DAE_SEI,28,06/12/2021,Evento do Processo Original,False
005310/2017,CONJU,81,10/11/2025,NOTA Nº 091/2025–CJ/TC,False
005310/2017,DAE_EXP,13,21/07/2017,Termo de Apensamento,False
003078/2022,DAE_SEI,1,12/09/2022,Capa,False
003078/2022,DAE_SEI,2,23/02/2016,Evento do Processo Original,False
003078/2022,DAE_SEI,3,22/08/2017,Evento do Processo Original,False
003078/2022,DAE_SEI,4,01/12/2020,Evento do Processo Original,False
003078/2022,DAE_SEI,5,03/12/2020,Evento do Processo Original,False
003078/2022,DAE_SEI,6,08/12/2020,Evento do Processo Original,False
003078/2022,DAE_SEI,7,11/02/2021,Evento do Processo Original,False
003078/2022,DAE_SEI,8,12/02/2021,Evento do Processo Original,False
003078/2022,DAE_SEI,9,23/04/2021,Evento do Processo Original,False
003078/2022,DAE_SEI,10,28/04/2021,Evento do Processo Original,False
003078/2022,DAE_SEI,11,29/04/2021,Evento do Processo Original,False
003078/2022,DAE_SEI,12,05/05/2021,Evento do Processo Original,False
003078/2022,DAE_SEI,13,18/05/2021,Evento do Processo Original,False
003078/2022,DAE_SEI,14,10/06/2021,Evento do Processo Original,False
003078/2022,DAE_SEI,15,10/06/2021,Evento do Processo Original,False
003078/2022,DAE_SEI,16,11/06/2021,Evento do Processo Original,False
003078/2022,DAE_SEI,17,15/06/2021,Evento do Processo Original,False
003078/2022,DAE_SEI,18,28/06/2021,Evento do Processo Original,False
003078/2022,DAE_SEI,19,16/07/2021,Evento do Processo Original,False
003078/2022,DAE_SEI,20,16/07/2021,Evento do Processo Original,False
003078/2022,DAE_SEI,21,16/07/2021,Evento do Processo Original,False
003078/2022,DAE_SEI,22,10/11/2021,Evento do Processo Original,False
003078/2022,DAE_SEI,23,02/12/2021,Evento do Processo Original,False
003078/2022,DAE_SEI,24,12/01/2022,Evento do Processo Original,False
003078/2022,DAE_SEI,25,23/03/2022,Evento do Processo Original,False
003078/2022,DAE_SEI,26,06/04/2022,Evento do Processo Original,False
003078/2022,DAE_SEI,27,11/04/2022,Evento do Processo Original,False
003078/2022,DAE_SEI,28,26/04/2022,Evento do Processo Original,False
003078/2022,DAE_SEI,29,26/04/2022,Evento do Processo Original,False
003078/2022,DAE_SEI,30,26/04/2022,Evento do Processo Original,False
003078/2022,DAE_SEI,31,26/04/2022,Evento do Processo Original,False
003078/2022,DAE_SEI,32,02/05/2022,Evento do Processo Original,False
003078/2022,DAE_SEI,33,04/05/2022,Evento do Processo Original,False
003078/2022,DAE_SEI,34,05/05/2022,Evento do Processo Original,False
003078/2022,DAE_SEI,35,24/05/2022,Evento do Processo Original,False
003078/2022,DAE_SEI,36,30/05/2022,Evento do Processo Original,False
003078/2022,DAE_SEI,37,30/05/2022,Evento do Processo Original,False
003078/2022,DAE_SEI,38,30/05/2022,Evento do Processo Original,False
003078/2022,DAE_SEI,39,30/05/2022,Evento do Processo Original,False
003078/2022,DAE_SEI,40,30/05/2022,Evento do Processo Original,False
003078/2022,DAE_SEI,41,30/05/2022,Evento do Processo Original,False
003078/2022,DAE_SEI,42,14/06/2022,Evento do Processo Original,False
003078/2022,DAE_SEI,43,20/06/2022,Evento do Processo Original,False
003078/2022,DAE_SEI,44,22/06/2022,Evento do Processo Original,False
003078/2022,DAE_SEI,45,22/06/2022,Evento do Processo Original,False
003078/2022,DAE_SEI,46,22/06/2022,Evento do Processo Original,False
003078/2022,DAE_SEI,47,05/07/2022,Evento do Processo Original,False
003078/2022,DAE_SEI,48,08/07/2022,Evento do Processo Original,False
003078/2022,DAE_SEI,49,19/07/2022,Evento do Processo Original,False
003078/2022,DAE_SEI,50,25/07/2022,Evento do Processo Original,False
003078/2022,DAE_SEI,51,25/07/2022,Evento do Processo Original,False
003078/2022,DAE_SEI,52,02/08/2022,Evento do Processo Original,False
003064/2022,DAE_SEI,2,16/01/2017,Evento do Processo Original,False
003064/2022,DAE_SEI,3,25/09/2019,Evento do Processo Original,False
003064/2022,DAE_SEI,4,27/09/2019,Evento do Processo Original,False
003064/2022,DAE_SEI,5,17/06/2020,Evento do Processo Original,False
003064/2022,DAE_SEI,6,23/07/2020,Evento do Processo Original,False
003064/2022,DAE_SEI,7,24/07/2020,Evento do Processo Original,False
003064/2022,DAE_SEI,8,27/07/2020,Evento do Processo Original,False
003064/2022,DAE_SEI,9,27/07/2020,Evento do Processo Original,False
003064/2022,DAE_SEI,10,27/07/2020,Evento do Processo Original,False
003064/2022,DAE_SEI,11,14/10/2020,Evento do Processo Original,False
003064/2022,DAE_SEI,12,03/11/2020,Evento do Processo Original,False
003064/2022,DAE_SEI,13,09/02/2021,Evento do Processo Original,False
003064/2022,DAE_SEI,14,09/02/2021,Evento do Processo Original,False
003064/2022,DAE_SEI,15,09/02/2021,Evento do Processo Original,False
003064/2022,DAE_SEI,16,09/02/2021,Evento do Processo Original,False
003064/2022,DAE_SEI,17,23/02/2021,Evento do Processo Original,False
003064/2022,DAE_SEI,18,09/03/2021,Evento do Processo Original,False
003064/2022,DAE_SEI,19,06/05/2021,Evento do Processo Original,False
003064/2022,DAE_SEI,20,06/05/2021,Evento do Processo Original,False
003064/2022,DAE_SEI,21,06/05/2021,Evento do Processo Original,False
003064/2022,DAE_SEI,22,07/05/2021,Evento do Processo Original,False
003064/2022,DAE_SEI,23,11/05/2021,Evento do Processo Original,False
003064/2022,DAE_SEI,24,21/05/2021,Evento do Processo Original,False
003064/2022,DAE_SEI,25,23/07/2021,Evento do Processo Original,False
003064/2022,DAE_SEI,26,23/07/2021,Evento do Processo Original,False
003064/2022,DAE_SEI,27,23/07/2021,Evento do Processo Original,False
003064/2022,DAE_SEI,28,26/07/2021,Evento do Processo Original,False
003064/2022,DAE_SEI,29,29/09/2021,Evento do Processo Original,False
003064/2022,DAE_SEI,30,02/12/2021,Evento do Processo Original,False
003064/2022,DAE_SEI,31,14/12/2021,Evento do Processo Original,False
003064/2022,DAE_SEI,32,16/12/2021,Evento do Processo Original,False
003064/2022,DAE_SEI,33,12/05/2022,Evento do Processo Original,False
003064/2022,DAE_SEI,34,17/05/2022,Evento do Processo Original,False
003064/2022,DAE_SEI,35,27/06/2022,Evento do Processo Original,False
003064/2022,DAE_SEI,36,30/06/2022,Evento do Processo Original,False
003687/2022,DAE_SEI,60,16/09/2022,Evento do Processo Original,False
003687/2022,DAE_SEI,61,21/10/2022,Evento do Processo Original,False
003687/2022,DAE_SEI,62,21/10/2022,Evento do Processo Original,False
003687/2022,DAE_SEI,63,21/10/2022,Evento do Processo Original,False
003687/2022,DAE_SEI,64,21/10/2022,Evento do Processo Original,False
003687/2022,DAE_SEI,65,21/10/2022,Evento do Processo Original,False
003687/2022,DAE_SEI,66,24/10/2022,Certidão de Inscrição no Cadastro Informativo de Créditos não Quitados,False
003690/2022,DAE_SEI,2,06/08/2013,Evento do Processo Original,False
003690/2022,DAE_SEI,3,07/08/2013,Evento do Processo Original,False
003690/2022,DAE_SEI,4,06/03/2014,Evento do Processo Original,False
003690/2022,DAE_SEI,5,21/07/2014,Evento do Processo Original,False
003690/2022,DAE_SEI,6,15/08/2014,Evento do Processo Original,False
003690/2022,DAE_SEI,7,15/08/2014,Evento do Processo Original,False
003690/2022,DAE_SEI,8,20/10/2014,Evento do Processo Original,False
003690/2022,DAE_SEI,9,24/10/2014,Evento do Processo Original,False
003690/2022,DAE_SEI,10,05/11/2014,Evento do Processo Original,False
003690/2022,DAE_SEI,11,05/11/2014,Evento do Processo Original,False
003690/2022,DAE_SEI,12,12/11/2014,Evento do Processo Original,False
003690/2022,DAE_SEI,13,10/12/2014,Evento do Processo Original,False
003690/2022,DAE_SEI,14,23/02/2015,Evento do Processo Original,False
003690/2022,DAE_SEI,15,25/03/2015,Evento do Processo Original,False
003690/2022,DAE_SEI,16,25/03/2015,Evento do Processo Original,False
003690/2022,DAE_SEI,17,25/03/2015,Evento do Processo Original,False
003690/2022,DAE_SEI,18,25/03/2015,Evento do Processo Original,False
003690/2022,DAE_SEI,19,26/03/2015,Evento do Processo Original,False
003690/2022,DAE_SEI,20,23/08/2017,Evento do Processo Original,False
003690/2022,DAE_SEI,21,30/03/2020,Evento do Processo Original,False
003690/2022,DAE_SEI,22,14/12/2020,Evento do Processo Original,False
003690/2022,DAE_SEI,23,15/12/2020,Evento do Processo Original,False
003690/2022,DAE_SEI,24,08/01/2021,Evento do Processo Original,False
003690/2022,DAE_SEI,25,05/02/2021,Evento do Processo Original,False
003690/2022,DAE_SEI,26,12/04/2021,Evento do Processo Original,False
003690/2022,DAE_SEI,27,12/04/2021,Evento do Processo Original,False
003690/2022,DAE_SEI,28,14/04/2021,Evento do Processo Original,False
003690/2022,DAE_SEI,29,22/04/2021,Evento do Processo Original,False
003690/2022,DAE_SEI,30,06/05/2021,Evento do Processo Original,False
003690/2022,DAE_SEI,31,30/06/2021,Evento do Processo Original,False
003690/2022,DAE_SEI,32,30/06/2021,Evento do Processo Original,False
003690/2022,DAE_SEI,33,30/06/2021,Evento do Processo Original,False
003690/2022,DAE_SEI,34,30/06/2021,Evento do Processo Original,False
003690/2022,DAE_SEI,35,30/07/2021,Evento do Processo Original,False
003690/2022,DAE_SEI,36,02/12/2021,Evento do Processo Original,False
003690/2022,DAE_SEI,37,14/12/2021,Evento do Processo Original,False
003690/2022,DAE_SEI,38,14/12/2021,Evento do Processo Original,False
003690/2022,DAE_SEI,39,14/12/2021,Evento do Processo Original,False
003690/2022,DAE_SEI,40,21/02/2022,Evento do Processo Original,False
003690/2022,DAE_SEI,41,18/03/2022,Evento do Processo Original,False
003690/2022,DAE_SEI,42,20/04/2022,Evento do Processo Original,False
003690/2022,DAE_SEI,43,11/05/2022,Evento do Processo Original,False
003690/2022,DAE_SEI,44,11/05/2022,Evento do Processo Original,False
003690/2022,DAE_SEI,45,11/05/2022,Evento do Processo Original,False
003690/2022,DAE_SEI,46,17/05/2022,Evento do Processo Original,False
003690/2022,DAE_SEI,47,18/05/2022,Evento do Processo Original,False
003690/2022,DAE_SEI,48,14/07/2022,Evento do Processo Original,False
003690/2022,DAE_SEI,49,14/07/2022,Evento do Processo Original,False
003690/2022,DAE_SEI,50,14/07/2022,Evento do Processo Original,False
003690/2022,DAE_SEI,51,14/07/2022,Evento do Processo Original,False
003690/2022,DAE_SEI,52,14/07/2022,Evento do Processo Original,False
003690/2022,DAE_SEI,53,18/07/2022,Evento do Processo Original,False
003690/2022,DAE_SEI,54,18/07/2022,Evento do Processo Original,False
003690/2022,DAE_SEI,55,18/07/2022,Evento do Processo Original,False
003690/2022,DAE_SEI,56,20/07/2022,Evento do Processo Original,False
003690/2022,DAE_SEI,57,03/08/2022,Evento do Processo Original,False
003690/2022,DAE_SEI,58,05/08/2022,Evento do Processo Original,False
003690/2022,DAE_SEI,59,10/08/2022,Evento do Processo Original,False
003690/2022,DAE_SEI,60,31/08/2022,Evento do Processo Original,False
003690/2022,DAE_SEI,61,31/08/2022,Evento do Processo Original,False
003690/2022,DAE_SEI,62,31/08/2022,Evento do Processo Original,False
003690/2022,DAE_SEI,63,31/08/2022,Evento do Processo Original,False
003690/2022,DAE_SEI,64,31/08/2022,Evento do Processo Original,False
003690/2022,DAE_SEI,65,31/08/2022,Evento do Processo Original,False
003690/2022,DAE_SEI,66,01/09/2022,Evento do Processo Original,False
003690/2022,DAE_SEI,67,09/09/2022,Evento do Processo Original,False
003690/2022,DAE_SEI,68,09/09/2022,Evento do Processo Original,False
003690/2022,DAE_SEI,69,13/09/2022,Evento do Processo Original,False
003690/2022,DAE_SEI,70,21/10/2022,Evento do Processo Original,False
003690/2022,DAE_SEI,71,21/10/2022,Evento do Processo Original,False
003690/2022,DAE_SEI,72,21/10/2022,Evento do Processo Original,False
003690/2022,DAE_SEI,73,21/10/2022,Evento do Processo Original,False
003690/2022,DAE_SEI,74,24/10/2022,Evento do Processo Original,False
003690/2022,DAE_SEI,75,25/10/2022,Certidão de Inscrição no Cadastro Informativo de Créditos não Quitados,False
003701/2022,DAE_SEI,1,09/11/2022,Capa,False
003701/2022,DAE_SEI,2,17/10/2016,Evento do Processo Original,False
003701/2022,DAE_SEI,3,07/11/2017,Evento do Processo Original,False
003701/2022,DAE_SEI,4,07/11/2017,Evento do Processo Original,False
003701/2022,DAE_SEI,5,07/11/2017,Evento do Processo Original,False
003701/2022,DAE_SEI,6,08/06/2018,Evento do Processo Original,False
003701/2022,DAE_SEI,7,13/11/2018,Evento do Processo Original,False
001487/2025,CCD,105,15/05/2025,Informação de Protesto de Dívida,False
001487/2025,CCD,106,28/05/2025,Informação de Protesto de Dívida,False
001487/2025,CCD,107,03/07/2025,Certidão Declaratória de Quitação de Multa,False
001487/2025,CCD,108,04/07/2025,Certidão Declaratória de Quitação de Multa,False
005310/2017,DAE_MANDA,52,10/02/2020,MANDADO DE NOTIFICAÇÃO POR VIA POSTAL.........................................................,False
005310/2017,DAE_MANDA,58,03/03/2020,MANDADO DE NOTIFICAÇÃO POR VIA POSTAL.........................................................,False
000130/2023,DAE_SEI,2,12/12/2017,Evento do Processo Original,False
000130/2023,DAE_SEI,3,30/09/2019,Evento do Processo Original,False
000130/2023,DAE_SEI,4,09/10/2019,Evento do Processo Original,False
000130/2023,DAE_SEI,5,06/07/2020,Evento do Processo Original,False
000130/2023,DAE_SEI,6,28/08/2020,Evento do Processo Original,False
000130/2023,DAE_SEI,7,02/09/2020,Evento do Processo Original,False
000130/2023,DAE_SEI,8,15/09/2020,Evento do Processo Original,False
000130/2023,DAE_SEI,9,05/10/2020,Evento do Processo Original,False
000130/2023,DAE_SEI,10,04/12/2020,Evento do Processo Original,False
000130/2023,DAE_SEI,11,04/12/2020,Evento do Processo Original,False
000130/2023,DAE_SEI,12,04/12/2020,Evento do Processo Original,False
000130/2023,DAE_SEI,13,09/12/2020,Evento do Processo Original,False
000130/2023,DAE_SEI,14,09/12/2020,Evento do Processo Original,False
000130/2023,DAE_SEI,15,18/12/2020,Evento do Processo Original,False
000130/2023,DAE_SEI,16,23/03/2021,Evento do Processo Original,False
000130/2023,DAE_SEI,17,23/03/2021,Evento do Processo Original,False
000130/2023,DAE_SEI,18,23/03/2021,Evento do Processo Original,False
000130/2023,DAE_SEI,19,06/04/2021,Evento do Processo Original,False
000130/2023,DAE_SEI,20,03/05/2021,Evento do Processo Original,False
000130/2023,DAE_SEI,21,01/07/2021,Evento do Processo Original,False
000130/2023,DAE_SEI,22,01/07/2021,Evento do Processo Original,False
000130/2023,DAE_SEI,23,01/07/2021,Evento do Processo Original,False
000130/2023,DAE_SEI,24,01/07/2021,Evento do Processo Original,False
000130/2023,DAE_SEI,25,02/08/2021,Evento do Processo Original,False
000130/2023,DAE_SEI,26,02/12/2021,Evento do Processo Original,False
000130/2023,DAE_SEI,27,14/12/2021,Evento do Processo Original,False
000130/2023,DAE_SEI,28,14/12/2021,Evento do Processo Original,False
000130/2023,DAE_SEI,29,21/02/2022,Evento do Processo Original,False
000130/2023,DAE_SEI,30,24/03/2022,Evento do Processo Original,False
000130/2023,DAE_SEI,31,02/05/2022,Evento do Processo Original,False
000130/2023,DAE_SEI,32,04/05/2022,Evento do Processo Original,False
000130/2023,DAE_SEI,33,17/05/2022,Evento do Processo Original,False
000130/2023,DAE_SEI,34,23/05/2022,Evento do Processo Original,False
000130/2023,DAE_SEI,35,31/05/2022,Evento do Processo Original,False
000130/2023,DAE_SEI,36,21/06/2022,Evento do Processo Original,False
000130/2023,DAE_SEI,37,23/06/2022,Evento do Processo Original,False
000130/2023,DAE_SEI,38,13/07/2022,Evento do Processo Original,False
000130/2023,DAE_SEI,39,15/07/2022,Evento do Processo Original,False
000130/2023,DAE_SEI,40,19/07/2022,Evento do Processo Original,False
000130/2023,DAE_SEI,41,28/07/2022,Evento do Processo Original,False
000130/2023,DAE_SEI,42,29/08/2022,Evento do Processo Original,False
000130/2023,DAE_SEI,43,29/08/2022,Evento do Processo Original,False
000130/2023,DAE_SEI,44,29/08/2022,Evento do Processo Original,False
000130/2023,DAE_SEI,45,01/09/2022,Evento do Processo Original,False
000130/2023,DAE_SEI,46,15/09/2022,Evento do Processo Original,False
000130/2023,DAE_SEI,47,15/09/2022,Evento do Processo Original,False
000130/2023,DAE_SEI,48,20/09/2022,Evento do Processo Original,False
000130/2023,DAE_SEI,49,26/09/2022,Evento do Processo Original,False
000130/2023,DAE_SEI,50,16/01/2023,Evento do Processo Original,False
000130/2023,DAE_SEI,51,16/01/2023,Evento do Processo Original,False
000130/2023,DAE_SEI,52,16/01/2023,Evento do Processo Original,False
000130/2023,DAE_SEI,53,16/01/2023,Evento do Processo Original,False
000142/2023,DAE_SEI,2,23/08/2017,Evento do Processo Original,False
000142/2023,DAE_SEI,3,24/08/2017,Evento do Processo Original,False
000142/2023,DAE_SEI,4,20/09/2017,Evento do Processo Original,False
000142/2023,DAE_SEI,5,20/09/2017,Evento do Processo Original,False
000142/2023,DAE_SEI,6,09/10/2017,Evento do Processo Original,False
000142/2023,DAE_SEI,7,10/10/2017,Evento do Processo Original,False
000142/2023,DAE_SEI,8,18/10/2017,Evento do Processo Original,False
000142/2023,DAE_SEI,9,18/10/2017,Evento do Processo Original,False
000142/2023,DAE_SEI,10,09/11/2017,Evento do Processo Original,False
000142/2023,DAE_SEI,11,29/11/2017,Evento do Processo Original,False
000142/2023,DAE_SEI,12,04/12/2017,Evento do Processo Original,False
000142/2023,DAE_SEI,13,02/02/2018,Evento do Processo Original,False
000142/2023,DAE_SEI,14,30/10/2019,Evento do Processo Original,False
000142/2023,DAE_SEI,15,30/10/2019,Evento do Processo Original,False
000142/2023,DAE_SEI,16,12/11/2019,Evento do Processo Original,False
000142/2023,DAE_SEI,17,20/11/2019,Evento do Processo Original,False
000142/2023,DAE_SEI,18,04/12/2019,Evento do Processo Original,False
000142/2023,DAE_SEI,19,04/12/2019,Evento do Processo Original,False
000142/2023,DAE_SEI,20,16/12/2019,Evento do Processo Original,False
000142/2023,DAE_SEI,21,09/01/2020,Evento do Processo Original,False
000142/2023,DAE_SEI,22,17/01/2020,Evento do Processo Original,False
000142/2023,DAE_SEI,23,20/01/2020,Evento do Processo Original,False
000142/2023,DAE_SEI,24,06/02/2020,Evento do Processo Original,False
000142/2023,DAE_SEI,25,06/02/2020,Evento do Processo Original,False
000142/2023,DAE_SEI,26,10/02/2020,Evento do Processo Original,False
000142/2023,DAE_SEI,27,12/02/2020,Evento do Processo Original,False
000142/2023,DAE_SEI,28,15/03/2020,Evento do Processo Original,False
000142/2023,DAE_SEI,29,31/03/2020,Evento do Processo Original,False
000142/2023,DAE_SEI,30,23/07/2020,Evento do Processo Original,False
003701/2022,DAE_SEI,8,14/11/2018,Evento do Processo Original,False
003701/2022,DAE_SEI,9,25/03/2019,Evento do Processo Original,False
003701/2022,DAE_SEI,10,27/07/2020,Evento do Processo Original,False
003701/2022,DAE_SEI,11,17/09/2020,Evento do Processo Original,False
003701/2022,DAE_SEI,12,21/09/2020,Evento do Processo Original,False
003701/2022,DAE_SEI,13,24/09/2020,Evento do Processo Original,False
003701/2022,DAE_SEI,14,24/09/2020,Evento do Processo Original,False
003701/2022,DAE_SEI,15,24/09/2020,Evento do Processo Original,False
003701/2022,DAE_SEI,16,27/10/2020,Evento do Processo Original,False
003701/2022,DAE_SEI,17,09/11/2020,Evento do Processo Original,False
003701/2022,DAE_SEI,18,02/12/2020,Evento do Processo Original,False
003701/2022,DAE_SEI,19,04/12/2020,Evento do Processo Original,False
003701/2022,DAE_SEI,20,04/12/2020,Evento do Processo Original,False
003701/2022,DAE_SEI,21,04/12/2020,Evento do Processo Original,False
003701/2022,DAE_SEI,22,04/12/2020,Evento do Processo Original,False
003701/2022,DAE_SEI,23,04/12/2020,Evento do Processo Original,False
003701/2022,DAE_SEI,24,04/12/2020,Evento do Processo Original,False
003701/2022,DAE_SEI,25,07/12/2020,Evento do Processo Original,False
003701/2022,DAE_SEI,26,08/12/2020,Evento do Processo Original,False
003701/2022,DAE_SEI,27,18/12/2020,Evento do Processo Original,False
003701/2022,DAE_SEI,28,23/03/2021,Evento do Processo Original,False
003701/2022,DAE_SEI,29,23/03/2021,Evento do Processo Original,False
003701/2022,DAE_SEI,30,23/03/2021,Evento do Processo Original,False
003701/2022,DAE_SEI,31,29/03/2021,Evento do Processo Original,False
003701/2022,DAE_SEI,32,03/05/2021,Evento do Processo Original,False
003701/2022,DAE_SEI,33,01/07/2021,Evento do Processo Original,False
003701/2022,DAE_SEI,34,01/07/2021,Evento do Processo Original,False
003701/2022,DAE_SEI,35,01/07/2021,Evento do Processo Original,False
003701/2022,DAE_SEI,36,01/07/2021,Evento do Processo Original,False
003701/2022,DAE_SEI,37,23/11/2021,Evento do Processo Original,False
003701/2022,DAE_SEI,38,02/12/2021,Evento do Processo Original,False
003701/2022,DAE_SEI,39,13/12/2021,Evento do Processo Original,False
003701/2022,DAE_SEI,40,11/01/2022,Evento do Processo Original,False
003701/2022,DAE_SEI,41,04/02/2022,Evento do Processo Original,False
003701/2022,DAE_SEI,42,05/04/2022,Evento do Processo Original,False
003701/2022,DAE_SEI,43,07/04/2022,Evento do Processo Original,False
003701/2022,DAE_SEI,44,12/04/2022,Evento do Processo Original,False
003701/2022,DAE_SEI,45,12/04/2022,Evento do Processo Original,False
003701/2022,DAE_SEI,46,12/04/2022,Evento do Processo Original,False
003701/2022,DAE_SEI,47,12/04/2022,Evento do Processo Original,False
003701/2022,DAE_SEI,48,20/04/2022,Evento do Processo Original,False
003701/2022,DAE_SEI,49,26/04/2022,Evento do Processo Original,False
003701/2022,DAE_SEI,50,26/04/2022,Evento do Processo Original,False
003701/2022,DAE_SEI,51,21/07/2022,Evento do Processo Original,False
003701/2022,DAE_SEI,52,21/07/2022,Evento do Processo Original,False
003701/2022,DAE_SEI,53,21/07/2022,Evento do Processo Original,False
003701/2022,DAE_SEI,54,21/07/2022,Evento do Processo Original,False
003701/2022,DAE_SEI,55,21/07/2022,Evento do Processo Original,False
003701/2022,DAE_SEI,56,21/07/2022,Evento do Processo Original,False
003701/2022,DAE_SEI,57,22/07/2022,Evento do Processo Original,False
003701/2022,DAE_SEI,58,15/08/2022,Evento do Processo Original,False
003701/2022,DAE_SEI,59,15/08/2022,Evento do Processo Original,False
003701/2022,DAE_SEI,60,24/08/2022,Evento do Processo Original,False
003701/2022,DAE_SEI,61,25/08/2022,Evento do Processo Original,False
003701/2022,DAE_SEI,62,20/10/2022,Evento do Processo Original,False
003701/2022,DAE_SEI,63,07/11/2022,Evento do Processo Original,False
003701/2022,DAE_SEI,64,07/11/2022,Evento do Processo Original,False
003701/2022,DAE_SEI,65,07/11/2022,Evento do Processo Original,False
003701/2022,DAE_SEI,66,07/11/2022,Evento do Processo Original,False
003701/2022,DAE_SEI,67,08/11/2022,Evento do Processo Original,False
003709/2022,DAE_SEI,2,29/07/2013,Evento do Processo Original,False
003709/2022,DAE_SEI,3,31/07/2013,Evento do Processo Original,False
003709/2022,DAE_SEI,4,26/02/2014,Evento do Processo Original,False
003709/2022,DAE_SEI,5,22/07/2014,Evento do Processo Original,False
003709/2022,DAE_SEI,6,15/08/2014,Evento do Processo Original,False
003709/2022,DAE_SEI,7,15/08/2014,Evento do Processo Original,False
003709/2022,DAE_SEI,8,20/10/2014,Evento do Processo Original,False
003709/2022,DAE_SEI,9,24/10/2014,Evento do Processo Original,False
003709/2022,DAE_SEI,10,05/11/2014,Evento do Processo Original,False
003709/2022,DAE_SEI,11,05/11/2014,Evento do Processo Original,False
003709/2022,DAE_SEI,12,12/11/2014,Evento do Processo Original,False
003709/2022,DAE_SEI,13,15/12/2014,Evento do Processo Original,False
003709/2022,DAE_SEI,14,27/01/2015,Evento do Processo Original,False
003709/2022,DAE_SEI,15,25/03/2015,Evento do Processo Original,False
003709/2022,DAE_SEI,16,25/03/2015,Evento do Processo Original,False
003709/2022,DAE_SEI,17,25/03/2015,Evento do Processo Original,False
003709/2022,DAE_SEI,18,25/03/2015,Evento do Processo Original,False
003709/2022,DAE_SEI,19,26/03/2015,Evento do Processo Original,False
003709/2022,DAE_SEI,20,23/08/2017,Evento do Processo Original,False
003709/2022,DAE_SEI,21,05/09/2019,Evento do Processo Original,False
003709/2022,DAE_SEI,22,23/12/2020,Evento do Processo Original,False
003709/2022,DAE_SEI,23,29/12/2020,Evento do Processo Original,False
003709/2022,DAE_SEI,24,26/01/2021,Evento do Processo Original,False
003709/2022,DAE_SEI,25,22/01/2021,Evento do Processo Original,False
003709/2022,DAE_SEI,26,05/02/2021,Evento do Processo Original,False
003709/2022,DAE_SEI,27,12/04/2021,Evento do Processo Original,False
003709/2022,DAE_SEI,28,12/04/2021,Evento do Processo Original,False
003709/2022,DAE_SEI,29,14/04/2021,Evento do Processo Original,False
003709/2022,DAE_SEI,30,20/04/2021,Evento do Processo Original,False
000134/2022,DAE_SEI,26,04/11/2020,Evento do Processo Original,False
000134/2022,DAE_SEI,27,06/11/2020,Evento do Processo Original,False
000134/2022,DAE_SEI,28,17/11/2020,Evento do Processo Original,False
000134/2022,DAE_SEI,29,17/11/2020,Evento do Processo Original,False
000134/2022,DAE_SEI,30,17/11/2020,Evento do Processo Original,False
000134/2022,DAE_SEI,31,27/11/2020,Evento do Processo Original,False
000134/2022,DAE_SEI,32,07/12/2020,Evento do Processo Original,False
000134/2022,DAE_SEI,33,22/02/2021,Evento do Processo Original,False
000134/2022,DAE_SEI,34,22/02/2021,Evento do Processo Original,False
000134/2022,DAE_SEI,35,22/02/2021,Evento do Processo Original,False
000134/2022,DAE_SEI,36,22/02/2021,Evento do Processo Original,False
000134/2022,DAE_SEI,37,22/02/2021,Evento do Processo Original,False
000134/2022,DAE_SEI,38,08/03/2021,Evento do Processo Original,False
000134/2022,DAE_SEI,39,13/04/2021,Evento do Processo Original,False
000134/2022,DAE_SEI,40,16/06/2021,Evento do Processo Original,False
000134/2022,DAE_SEI,41,16/06/2021,Evento do Processo Original,False
000134/2022,DAE_SEI,42,16/06/2021,Evento do Processo Original,False
000134/2022,DAE_SEI,43,06/07/2021,Evento do Processo Original,False
000134/2022,DAE_SEI,44,09/07/2021,Evento do Processo Original,False
000134/2022,DAE_SEI,45,28/07/2021,Evento do Processo Original,False
000134/2022,DAE_SEI,46,02/09/2021,Evento do Processo Original,False
000134/2022,DAE_SEI,47,02/09/2021,Evento do Processo Original,False
000134/2022,DAE_SEI,48,13/09/2021,Evento do Processo Original,False
000134/2022,DAE_SEI,49,20/10/2021,Evento do Processo Original,False
000134/2022,DAE_SEI,50,29/11/2021,Evento do Processo Original,False
000134/2022,DAE_SEI,51,16/12/2021,Evento do Processo Original,False
000134/2022,DAE_SEI,52,24/01/2022,Evento do Processo Original,False
000134/2022,DAE_SEI,53,24/01/2022,Evento do Processo Original,False
000134/2022,DAE_SEI,54,26/01/2022,Evento do Processo Original,False
000134/2022,DAE_SEI,55,22/02/2022,Evento do Processo Original,False
000134/2022,DAE_SEI,56,01/04/2022,Evento do Processo Original,False
000134/2022,DAE_SEI,57,01/04/2022,Evento do Processo Original,False
000133/2022,DAE_SEI,41,13/04/2022,CONTINUIDADE DA EXECUÇÃO...,False
002010/2024,DAE_SEI,2,24/10/2016,Evento do Processo Original,False
002010/2024,DAE_SEI,3,22/08/2017,Evento do Processo Original,False
002010/2024,DAE_SEI,4,26/09/2019,Evento do Processo Original,False
002010/2024,DAE_SEI,5,27/09/2019,Evento do Processo Original,False
002010/2024,DAE_SEI,6,17/07/2020,Evento do Processo Original,False
002010/2024,DAE_SEI,7,09/09/2020,Evento do Processo Original,False
002010/2024,DAE_SEI,8,11/09/2020,Evento do Processo Original,False
002010/2024,DAE_SEI,9,23/09/2020,Evento do Processo Original,False
002010/2024,DAE_SEI,10,14/10/2020,Evento do Processo Original,False
002010/2024,DAE_SEI,11,07/12/2020,Evento do Processo Original,False
002010/2024,DAE_SEI,12,07/12/2020,Evento do Processo Original,False
002010/2024,DAE_SEI,13,08/12/2020,Evento do Processo Original,False
002010/2024,DAE_SEI,14,08/12/2020,Evento do Processo Original,False
002010/2024,DAE_SEI,15,14/12/2020,Evento do Processo Original,False
002010/2024,DAE_SEI,16,14/01/2021,Evento do Processo Original,False
002010/2024,DAE_SEI,17,23/03/2021,Evento do Processo Original,False
002010/2024,DAE_SEI,18,23/03/2021,Evento do Processo Original,False
002010/2024,DAE_SEI,19,23/03/2021,Evento do Processo Original,False
002010/2024,DAE_SEI,20,06/04/2021,Evento do Processo Original,False
002010/2024,DAE_SEI,21,03/05/2021,Evento do Processo Original,False
002010/2024,DAE_SEI,22,01/07/2021,Evento do Processo Original,False
002010/2024,DAE_SEI,23,01/07/2021,Evento do Processo Original,False
002010/2024,DAE_SEI,24,01/07/2021,Evento do Processo Original,False
002010/2024,DAE_SEI,25,01/07/2021,Evento do Processo Original,False
002010/2024,DAE_SEI,26,29/07/2021,Evento do Processo Original,False
002010/2024,DAE_SEI,27,29/11/2021,Evento do Processo Original,False
002010/2024,DAE_SEI,28,13/12/2021,Evento do Processo Original,False
002010/2024,DAE_SEI,29,14/12/2021,Evento do Processo Original,False
002010/2024,DAE_SEI,30,17/12/2021,Evento do Processo Original,False
002010/2024,DAE_SEI,31,02/02/2022,Evento do Processo Original,False
002010/2024,DAE_SEI,32,12/04/2022,Evento do Processo Original,False
002010/2024,DAE_SEI,33,18/04/2022,Evento do Processo Original,False
002010/2024,DAE_SEI,34,25/04/2022,Evento do Processo Original,False
002010/2024,DAE_SEI,35,25/04/2022,Evento do Processo Original,False
002010/2024,DAE_SEI,36,29/04/2022,Evento do Processo Original,False
002010/2024,DAE_SEI,37,29/04/2022,Evento do Processo Original,False
002010/2024,DAE_SEI,38,04/05/2022,Evento do Processo Original,False
002010/2024,DAE_SEI,39,07/06/2022,Evento do Processo Original,False
002010/2024,DAE_SEI,40,07/06/2022,Evento do Processo Original,False
002010/2024,DAE_SEI,41,07/06/2022,Evento do Processo Original,False
002010/2024,DAE_SEI,42,07/06/2022,Evento do Processo Original,False
002010/2024,DAE_SEI,43,20/06/2022,Evento do Processo Original,False
002010/2024,DAE_SEI,44,25/08/2022,Evento do Processo Original,False
002010/2024,DAE_SEI,45,26/10/2022,Evento do Processo Original,False
002010/2024,DAE_SEI,46,22/11/2022,Evento do Processo Original,False
002010/2024,DAE_SEI,47,12/12/2022,Evento do Processo Original,False
002010/2024,DAE_SEI,48,14/12/2022,Evento do Processo Original,False
002010/2024,DAE_SEI,49,14/12/2022,Evento do Processo Original,False
002010/2024,DAE_SEI,50,15/12/2022,Evento do Processo Original,False
002010/2024,DAE_SEI,51,10/01/2023,Evento do Processo Original,False
002010/2024,DAE_SEI,52,06/02/2023,Evento do Processo Original,False
002010/2024,DAE_SEI,53,27/02/2023,Evento do Processo Original,False
002010/2024,DAE_SEI,54,13/03/2023,Evento do Processo Original,False
002010/2024,DAE_SEI,55,13/03/2023,Evento do Processo Original,False
002010/2024,DAE_SEI,56,13/03/2023,Evento do Processo Original,False
002010/2024,DAE_SEI,57,14/03/2023,Evento do Processo Original,False
003064/2022,DAE_SEI,37,04/07/2022,Evento do Processo Original,False
003064/2022,DAE_SEI,38,04/07/2022,Evento do Processo Original,False
003064/2022,DAE_SEI,39,08/07/2022,Evento do Processo Original,False
003064/2022,DAE_SEI,40,11/07/2022,Evento do Processo Original,False
003064/2022,DAE_SEI,41,01/08/2022,Evento do Processo Original,False
003064/2022,DAE_SEI,42,01/08/2022,Evento do Processo Original,False
003064/2022,DAE_SEI,43,01/08/2022,Evento do Processo Original,False
003064/2022,DAE_SEI,44,01/08/2022,Evento do Processo Original,False
003064/2022,DAE_SEI,45,01/08/2022,Evento do Processo Original,False
003064/2022,DAE_SEI,46,01/08/2022,Evento do Processo Original,False
003064/2022,DAE_SEI,47,02/08/2022,Evento do Processo Original,False
003064/2022,DAE_SEI,48,03/08/2022,Evento do Processo Original,False
003064/2022,DAE_SEI,49,03/08/2022,Evento do Processo Original,False
003064/2022,DAE_SEI,50,12/08/2022,Evento do Processo Original,False
003064/2022,DAE_SEI,51,12/08/2022,Evento do Processo Original,False
003064/2022,DAE_SEI,52,31/08/2022,Evento do Processo Original,False
003064/2022,DAE_SEI,53,31/08/2022,Evento do Processo Original,False
003064/2022,DAE_SEI,54,31/08/2022,Evento do Processo Original,False
003064/2022,DAE_SEI,55,31/08/2022,Evento do Processo Original,False
003064/2022,DAE_SEI,56,01/09/2022,Evento do Processo Original,False
003654/2022,DAE_SEI,2,27/08/2014,Evento do Processo Original,False
003654/2022,DAE_SEI,3,18/03/2015,Evento do Processo Original,False
003654/2022,DAE_SEI,4,18/03/2015,Evento do Processo Original,False
003654/2022,DAE_SEI,5,30/03/2015,Evento do Processo Original,False
003654/2022,DAE_SEI,6,06/04/2015,Evento do Processo Original,False
003654/2022,DAE_SEI,7,08/04/2015,Evento do Processo Original,False
003654/2022,DAE_SEI,8,15/04/2015,Evento do Processo Original,False
003654/2022,DAE_SEI,9,20/10/2015,Evento do Processo Original,False
003654/2022,DAE_SEI,10,19/07/2016,Evento do Processo Original,False
003654/2022,DAE_SEI,11,20/07/2016,Evento do Processo Original,False
003654/2022,DAE_SEI,12,20/07/2016,Evento do Processo Original,False
003654/2022,DAE_SEI,13,17/11/2016,Evento do Processo Original,False
003654/2022,DAE_SEI,14,17/11/2016,Evento do Processo Original,False
003654/2022,DAE_SEI,15,28/12/2016,Evento do Processo Original,False
003654/2022,DAE_SEI,16,28/12/2016,Evento do Processo Original,False
003654/2022,DAE_SEI,17,07/02/2017,Evento do Processo Original,False
003654/2022,DAE_SEI,18,07/03/2017,Evento do Processo Original,False
003654/2022,DAE_SEI,19,13/03/2017,Evento do Processo Original,False
003654/2022,DAE_SEI,20,13/03/2017,Evento do Processo Original,False
003654/2022,DAE_SEI,21,13/03/2017,Evento do Processo Original,False
003654/2022,DAE_SEI,22,24/03/2017,Evento do Processo Original,False
003654/2022,DAE_SEI,23,28/03/2019,Evento do Processo Original,False
003654/2022,DAE_SEI,24,07/04/2020,Evento do Processo Original,False
003654/2022,DAE_SEI,25,07/07/2020,Evento do Processo Original,False
003654/2022,DAE_SEI,26,13/07/2020,Evento do Processo Original,False
003654/2022,DAE_SEI,27,16/07/2020,Evento do Processo Original,False
003654/2022,DAE_SEI,28,25/07/2020,Evento do Processo Original,False
003654/2022,DAE_SEI,29,07/10/2020,Evento do Processo Original,False
003654/2022,DAE_SEI,30,07/12/2020,Evento do Processo Original,False
003654/2022,DAE_SEI,31,07/12/2020,Evento do Processo Original,False
003654/2022,DAE_SEI,32,07/12/2020,Evento do Processo Original,False
003654/2022,DAE_SEI,33,12/01/2021,Evento do Processo Original,False
003654/2022,DAE_SEI,34,12/07/2021,Evento do Processo Original,False
003654/2022,DAE_SEI,35,21/07/2021,Evento do Processo Original,False
003654/2022,DAE_SEI,36,10/08/2021,Evento do Processo Original,False
003654/2022,DAE_SEI,37,05/04/2022,Evento do Processo Original,False
003654/2022,DAE_SEI,38,03/05/2022,Evento do Processo Original,False
003654/2022,DAE_SEI,39,13/05/2022,Evento do Processo Original,False
003654/2022,DAE_SEI,40,13/05/2022,Evento do Processo Original,False
003654/2022,DAE_SEI,41,18/05/2022,Evento do Processo Original,False
003654/2022,DAE_SEI,42,18/05/2022,Evento do Processo Original,False
003654/2022,DAE_SEI,43,27/05/2022,Evento do Processo Original,False
003654/2022,DAE_SEI,44,02/06/2022,Evento do Processo Original,False
003654/2022,DAE_SEI,45,02/06/2022,Evento do Processo Original,False
003654/2022,DAE_SEI,46,07/06/2022,Evento do Processo Original,False
003654/2022,DAE_SEI,47,07/06/2022,Evento do Processo Original,False
003654/2022,DAE_SEI,48,07/06/2022,Evento do Processo Original,False
003654/2022,DAE_SEI,49,09/06/2022,Evento do Processo Original,False
003654/2022,DAE_SEI,50,22/06/2022,Evento do Processo Original,False
003654/2022,DAE_SEI,51,16/09/2022,Evento do Processo Original,False
003654/2022,DAE_SEI,52,16/09/2022,Evento do Processo Original,False
003654/2022,DAE_SEI,53,23/09/2022,Evento do Processo Original,False
003659/2022,DAE_SEI,1,17/10/2022,Capa,False
003659/2022,DAE_SEI,2,16/03/2017,Evento do Processo Original,False
003659/2022,DAE_SEI,3,16/03/2017,Evento do Processo Original,False
003659/2022,DAE_SEI,4,28/10/2019,Evento do Processo Original,False
003659/2022,DAE_SEI,5,16/12/2019,Evento do Processo Original,False
003659/2022,DAE_SEI,6,07/04/2020,Evento do Processo Original,False
003659/2022,DAE_SEI,7,21/04/2020,Evento do Processo Original,False
003659/2022,DAE_SEI,8,03/08/2020,Evento do Processo Original,False
003659/2022,DAE_SEI,9,11/08/2020,Evento do Processo Original,False
003659/2022,DAE_SEI,10,07/10/2020,Evento do Processo Original,False
003659/2022,DAE_SEI,11,14/10/2020,Evento do Processo Original,False
003659/2022,DAE_SEI,12,10/11/2020,Evento do Processo Original,False
003659/2022,DAE_SEI,13,10/11/2020,Evento do Processo Original,False
003659/2022,DAE_SEI,14,10/11/2020,Evento do Processo Original,False
003659/2022,DAE_SEI,15,27/11/2020,Evento do Processo Original,False
003659/2022,DAE_SEI,16,07/12/2020,Evento do Processo Original,False
003659/2022,DAE_SEI,17,23/02/2021,Evento do Processo Original,False
000119/2022,DAE_SEI,6,14/07/2020,Evento do Processo Original,False
000119/2022,DAE_SEI,7,28/02/2021,Evento do Processo Original,False
000119/2022,DAE_SEI,8,28/02/2021,Evento do Processo Original,False
000119/2022,DAE_SEI,9,11/03/2021,Evento do Processo Original,False
000119/2022,DAE_SEI,10,17/03/2021,Evento do Processo Original,False
000119/2022,DAE_SEI,11,19/03/2021,Evento do Processo Original,False
000119/2022,DAE_SEI,12,19/03/2021,Evento do Processo Original,False
000119/2022,DAE_SEI,13,19/03/2021,Evento do Processo Original,False
000119/2022,DAE_SEI,14,08/04/2021,Evento do Processo Original,False
000119/2022,DAE_SEI,15,16/04/2021,Evento do Processo Original,False
000119/2022,DAE_SEI,16,03/05/2021,Evento do Processo Original,False
000119/2022,DAE_SEI,17,03/05/2021,Evento do Processo Original,False
000119/2022,DAE_SEI,18,03/05/2021,Evento do Processo Original,False
000119/2022,DAE_SEI,19,03/05/2021,Evento do Processo Original,False
000119/2022,DAE_SEI,20,03/05/2021,Evento do Processo Original,False
000119/2022,DAE_SEI,21,10/05/2021,Evento do Processo Original,False
000119/2022,DAE_SEI,22,21/05/2021,Evento do Processo Original,False
000119/2022,DAE_SEI,23,23/07/2021,Evento do Processo Original,False
000119/2022,DAE_SEI,24,23/07/2021,Evento do Processo Original,False
000119/2022,DAE_SEI,25,23/07/2021,Evento do Processo Original,False
000119/2022,DAE_SEI,26,17/08/2021,Evento do Processo Original,False
000119/2022,DAE_SEI,27,07/10/2021,Evento do Processo Original,False
000119/2022,DAE_SEI,28,22/10/2021,Evento do Processo Original,False
000119/2022,DAE_SEI,29,08/12/2021,Evento do Processo Original,False
000119/2022,DAE_SEI,30,08/12/2021,Evento do Processo Original,False
000119/2022,DAE_SEI,31,16/12/2021,Evento do Processo Original,False
000119/2022,DAE_SEI,32,20/12/2021,Evento do Processo Original,False
000119/2022,DAE_SEI,33,10/01/2022,Evento do Processo Original,False
000119/2022,DAE_SEI,34,10/01/2022,Evento do Processo Original,False
000119/2022,DAE_SEI,35,15/01/2022,Evento do Processo Original,False
000119/2022,DAE_SEI,36,11/02/2022,Evento do Processo Original,False
000119/2022,DAE_SEI,37,24/03/2022,Evento do Processo Original,False
000119/2022,DAE_SEI,38,24/03/2022,Evento do Processo Original,False
000119/2022,DAE_SEI,39,03/04/2022,Evento do Processo Original,False
000123/2022,DAE_SEI,2,02/10/2015,Evento do Processo Original,False
000123/2022,DAE_SEI,3,27/07/2018,Evento do Processo Original,False
000123/2022,DAE_SEI,4,03/08/2018,Evento do Processo Original,False
000123/2022,DAE_SEI,5,23/08/2018,Evento do Processo Original,False
000123/2022,DAE_SEI,6,23/08/2018,Evento do Processo Original,False
000123/2022,DAE_SEI,7,24/09/2018,Evento do Processo Original,False
000123/2022,DAE_SEI,8,26/09/2018,Evento do Processo Original,False
000123/2022,DAE_SEI,9,01/10/2018,Evento do Processo Original,False
000123/2022,DAE_SEI,10,01/10/2018,Evento do Processo Original,False
000123/2022,DAE_SEI,11,01/10/2018,Evento do Processo Original,False
000123/2022,DAE_SEI,12,11/10/2018,Evento do Processo Original,False
000123/2022,DAE_SEI,13,15/10/2018,Evento do Processo Original,False
000123/2022,DAE_SEI,14,15/10/2018,Evento do Processo Original,False
000123/2022,DAE_SEI,15,13/11/2018,Evento do Processo Original,False
000123/2022,DAE_SEI,16,13/11/2018,Evento do Processo Original,False
000123/2022,DAE_SEI,17,13/11/2018,Evento do Processo Original,False
000123/2022,DAE_SEI,18,13/11/2018,Evento do Processo Original,False
000123/2022,DAE_SEI,19,13/11/2018,Evento do Processo Original,False
000123/2022,DAE_SEI,20,13/11/2018,Evento do Processo Original,False
000123/2022,DAE_SEI,21,05/12/2018,Evento do Processo Original,False
000123/2022,DAE_SEI,22,10/12/2018,Evento do Processo Original,False
000123/2022,DAE_SEI,23,07/01/2019,Evento do Processo Original,False
000123/2022,DAE_SEI,24,17/01/2019,Evento do Processo Original,False
000123/2022,DAE_SEI,25,24/01/2019,Evento do Processo Original,False
000123/2022,DAE_SEI,26,24/01/2019,Evento do Processo Original,False
000123/2022,DAE_SEI,27,28/01/2019,Evento do Processo Original,False
000123/2022,DAE_SEI,28,30/07/2021,Evento do Processo Original,False
000123/2022,DAE_SEI,29,02/12/2021,Evento do Processo Original,False
000123/2022,DAE_SEI,30,16/12/2021,Evento do Processo Original,False
000123/2022,DAE_SEI,31,21/01/2022,Evento do Processo Original,False
000123/2022,DAE_SEI,32,21/01/2022,Evento do Processo Original,False
000123/2022,DAE_SEI,33,26/01/2022,Evento do Processo Original,False
000123/2022,DAE_SEI,34,18/02/2022,Evento do Processo Original,False
000123/2022,DAE_SEI,35,23/03/2022,Evento do Processo Original,False
000123/2022,DAE_SEI,36,23/03/2022,Evento do Processo Original,False
000123/2022,DAE_SEI,37,03/04/2022,Evento do Processo Original,False
000130/2023,DAE_SEI,62,29/01/2024,PROTESTO SEM ÊXITO...,False
000421/2024,DAE_SEI,2,21/06/2017,Evento do Processo Original,False
000421/2024,DAE_SEI,3,17/09/2019,Evento do Processo Original,False
000421/2024,DAE_SEI,4,23/09/2019,Evento do Processo Original,False
000421/2024,DAE_SEI,5,05/07/2020,Evento do Processo Original,False
000421/2024,DAE_SEI,6,28/08/2020,Evento do Processo Original,False
000421/2024,DAE_SEI,7,02/09/2020,Evento do Processo Original,False
000421/2024,DAE_SEI,8,16/09/2020,Evento do Processo Original,False
000421/2024,DAE_SEI,9,05/10/2020,Evento do Processo Original,False
000421/2024,DAE_SEI,10,04/12/2020,Evento do Processo Original,False
000421/2024,DAE_SEI,11,04/12/2020,Evento do Processo Original,False
000421/2024,DAE_SEI,12,04/12/2020,Evento do Processo Original,False
000421/2024,DAE_SEI,13,09/12/2020,Evento do Processo Original,False
000421/2024,DAE_SEI,14,09/12/2020,Evento do Processo Original,False
000421/2024,DAE_SEI,15,18/12/2020,Evento do Processo Original,False
000421/2024,DAE_SEI,16,23/03/2021,Evento do Processo Original,False
000421/2024,DAE_SEI,17,23/03/2021,Evento do Processo Original,False
000421/2024,DAE_SEI,18,23/03/2021,Evento do Processo Original,False
000421/2024,DAE_SEI,19,29/03/2021,Evento do Processo Original,False
003006/2022,DAE_SEI,29,20/12/2021,Evento do Processo Original,False
003006/2022,DAE_SEI,30,24/02/2022,Evento do Processo Original,False
003006/2022,DAE_SEI,31,24/02/2022,Evento do Processo Original,False
003006/2022,DAE_SEI,32,03/04/2022,Evento do Processo Original,False
003006/2022,DAE_SEI,33,11/04/2022,Evento do Processo Original,False
003006/2022,DAE_SEI,34,11/04/2022,Evento do Processo Original,False
003006/2022,DAE_SEI,35,03/05/2022,Evento do Processo Original,False
003006/2022,DAE_SEI,36,17/05/2022,Evento do Processo Original,False
003006/2022,DAE_SEI,37,15/06/2022,Evento do Processo Original,False
003006/2022,DAE_SEI,38,15/06/2022,Evento do Processo Original,False
003006/2022,DAE_SEI,39,27/07/2022,Evento do Processo Original,False
003006/2022,DAE_SEI,40,28/07/2022,Certidão de Inscrição no Cadastro Informativo de Créditos não Quitados,False
003006/2022,DAE_SEI,41,01/08/2022,CONTINUIDADE DA EXECUÇÃO...,False
002701/2022,DAE_SEI,43,03/08/2022,CONTINUIDADE DA EXECUÇÃO...,False
000134/2022,DAE_SEI,59,04/08/2022,CONTINUIDADE DA EXECUÇÃO...,False
003023/2022,DAE_SEI,1,05/08/2022,Capa,False
003023/2022,DAE_SEI,2,06/10/2020,Evento do Processo Original,False
003023/2022,DAE_SEI,3,01/02/2021,Evento do Processo Original,False
003023/2022,DAE_SEI,4,09/02/2021,Evento do Processo Original,False
003023/2022,DAE_SEI,5,12/02/2021,Evento do Processo Original,False
003023/2022,DAE_SEI,6,19/02/2021,Evento do Processo Original,False
003023/2022,DAE_SEI,7,23/02/2021,Evento do Processo Original,False
003023/2022,DAE_SEI,8,06/05/2021,Evento do Processo Original,False
003023/2022,DAE_SEI,9,10/05/2021,Evento do Processo Original,False
003023/2022,DAE_SEI,10,10/05/2021,Evento do Processo Original,False
003023/2022,DAE_SEI,11,18/05/2021,Evento do Processo Original,False
003023/2022,DAE_SEI,12,31/05/2021,Evento do Processo Original,False
003023/2022,DAE_SEI,13,02/06/2021,Evento do Processo Original,False
003023/2022,DAE_SEI,14,02/06/2021,Evento do Processo Original,False
003023/2022,DAE_SEI,15,04/06/2021,Evento do Processo Original,False
003023/2022,DAE_SEI,16,21/06/2021,Evento do Processo Original,False
003023/2022,DAE_SEI,17,28/06/2021,Evento do Processo Original,False
003023/2022,DAE_SEI,18,09/07/2021,Evento do Processo Original,False
003023/2022,DAE_SEI,19,24/11/2021,Evento do Processo Original,False
003023/2022,DAE_SEI,20,26/01/2022,Evento do Processo Original,False
003023/2022,DAE_SEI,21,01/02/2022,Evento do Processo Original,False
003023/2022,DAE_SEI,22,11/02/2022,Evento do Processo Original,False
003023/2022,DAE_SEI,23,21/02/2022,Evento do Processo Original,False
003023/2022,DAE_SEI,24,21/02/2022,Evento do Processo Original,False
003023/2022,DAE_SEI,25,25/02/2022,Evento do Processo Original,False
003023/2022,DAE_SEI,26,06/04/2022,Evento do Processo Original,False
003023/2022,DAE_SEI,27,11/04/2022,Evento do Processo Original,False
003023/2022,DAE_SEI,28,26/04/2022,Evento do Processo Original,False
003023/2022,DAE_SEI,29,26/04/2022,Evento do Processo Original,False
003023/2022,DAE_SEI,30,26/04/2022,Evento do Processo Original,False
003023/2022,DAE_SEI,31,26/04/2022,Evento do Processo Original,False
003023/2022,DAE_SEI,32,04/05/2022,Evento do Processo Original,False
003023/2022,DAE_SEI,33,05/05/2022,Evento do Processo Original,False
003023/2022,DAE_SEI,34,09/05/2022,Evento do Processo Original,False
003023/2022,DAE_SEI,35,20/05/2022,Evento do Processo Original,False
003023/2022,DAE_SEI,36,30/05/2022,Evento do Processo Original,False
003023/2022,DAE_SEI,37,30/05/2022,Evento do Processo Original,False
003023/2022,DAE_SEI,38,30/05/2022,Evento do Processo Original,False
003023/2022,DAE_SEI,39,30/05/2022,Evento do Processo Original,False
003023/2022,DAE_SEI,40,30/05/2022,Evento do Processo Original,False
003023/2022,DAE_SEI,41,30/05/2022,Evento do Processo Original,False
003023/2022,DAE_SEI,42,30/05/2022,Evento do Processo Original,False
003023/2022,DAE_SEI,43,30/05/2022,Evento do Processo Original,False
003023/2022,DAE_SEI,44,30/05/2022,Evento do Processo Original,False
003023/2022,DAE_SEI,45,14/06/2022,Evento do Processo Original,False
003023/2022,DAE_SEI,46,20/06/2022,Evento do Processo Original,False
003023/2022,DAE_SEI,47,22/06/2022,Evento do Processo Original,False
003023/2022,DAE_SEI,48,22/06/2022,Evento do Processo Original,False
003023/2022,DAE_SEI,49,22/06/2022,Evento do Processo Original,False
003023/2022,DAE_SEI,50,04/07/2022,Evento do Processo Original,False
003023/2022,DAE_SEI,51,08/07/2022,Evento do Processo Original,False
003023/2022,DAE_SEI,52,19/07/2022,Evento do Processo Original,False
003023/2022,DAE_SEI,53,25/07/2022,Evento do Processo Original,False
003023/2022,DAE_SEI,54,25/07/2022,Evento do Processo Original,False
003023/2022,DAE_SEI,55,03/08/2022,Evento do Processo Original,False
000123/2022,DAE_SEI,39,05/08/2022,CONTINUIDADE DA EXECUÇÃO...,False
000119/2022,DAE_SEI,41,05/08/2022,CONTINUIDADE EXECUÇÃO...,False
000115/2022,DAE_SEI,41,05/08/2022,CONTINUIDADE DA EXECUÇÃO...,False
002564/2024,DAE_SEI,2,26/06/2017,Evento do Processo Original,False
002564/2024,DAE_SEI,3,26/06/2017,Evento do Processo Original,False
002564/2024,DAE_SEI,4,19/11/2019,Evento do Processo Original,False
002564/2024,DAE_SEI,5,27/11/2019,Evento do Processo Original,False
002564/2024,DAE_SEI,6,28/11/2019,Evento do Processo Original,False
002564/2024,DAE_SEI,7,29/11/2019,Evento do Processo Original,False
002564/2024,DAE_SEI,8,12/01/2021,Evento do Processo Original,False
002564/2024,DAE_SEI,9,24/02/2021,Evento do Processo Original,False
002564/2024,DAE_SEI,10,22/03/2021,Evento do Processo Original,False
002564/2024,DAE_SEI,11,10/06/2021,Evento do Processo Original,False
002564/2024,DAE_SEI,12,27/07/2021,Evento do Processo Original,False
002564/2024,DAE_SEI,13,27/07/2021,Evento do Processo Original,False
002564/2024,DAE_SEI,14,16/08/2021,Evento do Processo Original,False
002564/2024,DAE_SEI,15,18/08/2021,Evento do Processo Original,False
002564/2024,DAE_SEI,16,03/09/2021,Evento do Processo Original,False
002564/2024,DAE_SEI,17,03/09/2021,Evento do Processo Original,False
003659/2022,DAE_SEI,18,23/02/2021,Evento do Processo Original,False
003659/2022,DAE_SEI,19,23/02/2021,Evento do Processo Original,False
003659/2022,DAE_SEI,20,23/02/2021,Evento do Processo Original,False
003659/2022,DAE_SEI,21,23/02/2021,Evento do Processo Original,False
003659/2022,DAE_SEI,22,15/03/2021,Evento do Processo Original,False
003659/2022,DAE_SEI,23,13/04/2021,Evento do Processo Original,False
003659/2022,DAE_SEI,24,15/06/2021,Evento do Processo Original,False
003659/2022,DAE_SEI,25,15/06/2021,Evento do Processo Original,False
003659/2022,DAE_SEI,26,15/06/2021,Evento do Processo Original,False
003659/2022,DAE_SEI,27,15/06/2021,Evento do Processo Original,False
003659/2022,DAE_SEI,28,16/06/2021,Evento do Processo Original,False
003659/2022,DAE_SEI,29,25/06/2021,Evento do Processo Original,False
003659/2022,DAE_SEI,30,31/08/2021,Evento do Processo Original,False
003659/2022,DAE_SEI,31,31/08/2021,Evento do Processo Original,False
003659/2022,DAE_SEI,32,31/08/2021,Evento do Processo Original,False
003659/2022,DAE_SEI,33,25/10/2021,Evento do Processo Original,False
003659/2022,DAE_SEI,34,19/01/2022,Evento do Processo Original,False
003659/2022,DAE_SEI,35,28/01/2022,Evento do Processo Original,False
003659/2022,DAE_SEI,36,24/02/2022,Evento do Processo Original,False
003659/2022,DAE_SEI,37,04/03/2022,Evento do Processo Original,False
003659/2022,DAE_SEI,38,05/04/2022,Evento do Processo Original,False
003659/2022,DAE_SEI,39,07/04/2022,Evento do Processo Original,False
003659/2022,DAE_SEI,40,12/04/2022,Evento do Processo Original,False
003659/2022,DAE_SEI,41,12/04/2022,Evento do Processo Original,False
003659/2022,DAE_SEI,42,12/04/2022,Evento do Processo Original,False
003659/2022,DAE_SEI,43,12/04/2022,Evento do Processo Original,False
003659/2022,DAE_SEI,44,20/04/2022,Evento do Processo Original,False
003659/2022,DAE_SEI,45,26/04/2022,Evento do Processo Original,False
003659/2022,DAE_SEI,46,26/04/2022,Evento do Processo Original,False
003659/2022,DAE_SEI,47,21/07/2022,Evento do Processo Original,False
003659/2022,DAE_SEI,48,21/07/2022,Evento do Processo Original,False
003659/2022,DAE_SEI,49,21/07/2022,Evento do Processo Original,False
003659/2022,DAE_SEI,50,21/07/2022,Evento do Processo Original,False
003659/2022,DAE_SEI,51,21/07/2022,Evento do Processo Original,False
003659/2022,DAE_SEI,52,21/07/2022,Evento do Processo Original,False
003659/2022,DAE_SEI,53,25/07/2022,Evento do Processo Original,False
003659/2022,DAE_SEI,54,04/08/2022,Evento do Processo Original,False
003659/2022,DAE_SEI,55,09/08/2022,Evento do Processo Original,False
003659/2022,DAE_SEI,56,09/08/2022,Evento do Processo Original,False
003659/2022,DAE_SEI,57,17/08/2022,Evento do Processo Original,False
003659/2022,DAE_SEI,58,18/08/2022,Evento do Processo Original,False
003659/2022,DAE_SEI,59,05/10/2022,Evento do Processo Original,False
003659/2022,DAE_SEI,60,10/10/2022,Evento do Processo Original,False
003659/2022,DAE_SEI,61,10/10/2022,Evento do Processo Original,False
003659/2022,DAE_SEI,62,10/10/2022,Evento do Processo Original,False
003659/2022,DAE_SEI,63,10/10/2022,Evento do Processo Original,False
003659/2022,DAE_SEI,64,13/10/2022,Evento do Processo Original,False
003668/2022,DAE_SEI,2,01/08/2017,Evento do Processo Original,False
003668/2022,DAE_SEI,3,01/08/2017,Evento do Processo Original,False
003668/2022,DAE_SEI,4,26/09/2019,Evento do Processo Original,False
003668/2022,DAE_SEI,5,27/09/2019,Evento do Processo Original,False
003668/2022,DAE_SEI,6,18/06/2020,Evento do Processo Original,False
003668/2022,DAE_SEI,7,23/07/2020,Evento do Processo Original,False
003668/2022,DAE_SEI,8,24/07/2020,Evento do Processo Original,False
003668/2022,DAE_SEI,9,27/07/2020,Evento do Processo Original,False
003668/2022,DAE_SEI,10,27/07/2020,Evento do Processo Original,False
003668/2022,DAE_SEI,11,27/07/2020,Evento do Processo Original,False
003668/2022,DAE_SEI,12,14/10/2020,Evento do Processo Original,False
003668/2022,DAE_SEI,13,22/10/2020,Evento do Processo Original,False
003668/2022,DAE_SEI,14,03/02/2021,Evento do Processo Original,False
003668/2022,DAE_SEI,15,03/02/2021,Evento do Processo Original,False
003668/2022,DAE_SEI,16,03/02/2021,Evento do Processo Original,False
003668/2022,DAE_SEI,17,03/02/2021,Evento do Processo Original,False
003668/2022,DAE_SEI,18,09/02/2021,Evento do Processo Original,False
003668/2022,DAE_SEI,19,24/02/2021,Evento do Processo Original,False
003668/2022,DAE_SEI,20,30/04/2021,Evento do Processo Original,False
003668/2022,DAE_SEI,21,30/04/2021,Evento do Processo Original,False
003668/2022,DAE_SEI,22,30/04/2021,Evento do Processo Original,False
003668/2022,DAE_SEI,23,30/04/2021,Evento do Processo Original,False
003668/2022,DAE_SEI,24,06/05/2021,Evento do Processo Original,False
003668/2022,DAE_SEI,25,24/05/2021,Evento do Processo Original,False
003668/2022,DAE_SEI,26,23/07/2021,Evento do Processo Original,False
003668/2022,DAE_SEI,27,23/07/2021,Evento do Processo Original,False
003668/2022,DAE_SEI,28,23/07/2021,Evento do Processo Original,False
003668/2022,DAE_SEI,29,26/07/2021,Evento do Processo Original,False
003668/2022,DAE_SEI,30,29/09/2021,Evento do Processo Original,False
003668/2022,DAE_SEI,31,02/12/2021,Evento do Processo Original,False
003668/2022,DAE_SEI,32,14/12/2021,Evento do Processo Original,False
003668/2022,DAE_SEI,33,15/12/2021,Evento do Processo Original,False
003668/2022,DAE_SEI,34,21/02/2022,Evento do Processo Original,False
003668/2022,DAE_SEI,35,17/03/2022,Evento do Processo Original,False
003668/2022,DAE_SEI,36,06/04/2022,Evento do Processo Original,False
003668/2022,DAE_SEI,37,11/04/2022,Evento do Processo Original,False
003668/2022,DAE_SEI,38,25/04/2022,Evento do Processo Original,False
003668/2022,DAE_SEI,39,25/04/2022,Evento do Processo Original,False
003668/2022,DAE_SEI,40,25/04/2022,Evento do Processo Original,False
003668/2022,DAE_SEI,41,25/04/2022,Evento do Processo Original,False
003668/2022,DAE_SEI,42,28/04/2022,Evento do Processo Original,False
003668/2022,DAE_SEI,43,28/04/2022,Evento do Processo Original,False
003668/2022,DAE_SEI,44,02/05/2022,Evento do Processo Original,False
003668/2022,DAE_SEI,45,23/05/2022,Evento do Processo Original,False
003668/2022,DAE_SEI,46,09/08/2022,Evento do Processo Original,False
003668/2022,DAE_SEI,47,09/08/2022,Evento do Processo Original,False
003668/2022,DAE_SEI,48,09/08/2022,Evento do Processo Original,False
003668/2022,DAE_SEI,49,09/08/2022,Evento do Processo Original,False
003668/2022,DAE_SEI,50,09/08/2022,Evento do Processo Original,False
003668/2022,DAE_SEI,51,09/08/2022,Evento do Processo Original,False
003668/2022,DAE_SEI,52,09/08/2022,Evento do Processo Original,False
003668/2022,DAE_SEI,53,09/08/2022,Evento do Processo Original,False
003668/2022,DAE_SEI,54,18/08/2022,Evento do Processo Original,False
003668/2022,DAE_SEI,55,23/08/2022,Evento do Processo Original,False
003668/2022,DAE_SEI,56,26/08/2022,Evento do Processo Original,False
003668/2022,DAE_SEI,57,26/08/2022,Evento do Processo Original,False
003668/2022,DAE_SEI,58,05/09/2022,Evento do Processo Original,False
003668/2022,DAE_SEI,59,06/09/2022,Evento do Processo Original,False
003668/2022,DAE_SEI,60,19/09/2022,Evento do Processo Original,False
003668/2022,DAE_SEI,61,19/09/2022,Evento do Processo Original,False
003668/2022,DAE_SEI,62,19/10/2022,Evento do Processo Original,False
003668/2022,DAE_SEI,63,19/10/2022,Evento do Processo Original,False
003668/2022,DAE_SEI,64,19/10/2022,Evento do Processo Original,False
003668/2022,DAE_SEI,65,19/10/2022,Evento do Processo Original,False
003668/2022,DAE_SEI,66,19/10/2022,Evento do Processo Original,False
003668/2022,DAE_SEI,67,20/10/2022,Certidão de Inscrição no Cadastro Informativo de Créditos não Quitados,False
002564/2024,DAE_SEI,52,15/08/2024,PROTESTO SEM ÊXITO...,False
002062/2024,DAE_SEI,44,15/08/2024,DESPACHO - PROTESTO SEM ÊXITO...........................................................................................................................,False
003380/2024,DAE_SEI,1,09/09/2024,Capa,False
003380/2024,DAE_SEI,2,16/07/2019,Evento do Processo Original,False
003380/2024,DAE_SEI,3,16/07/2019,Evento do Processo Original,False
003380/2024,DAE_SEI,4,16/07/2019,Evento do Processo Original,False
003380/2024,DAE_SEI,5,16/07/2019,Evento do Processo Original,False
003380/2024,DAE_SEI,6,16/07/2019,Evento do Processo Original,False
003380/2024,DAE_SEI,7,16/07/2019,Evento do Processo Original,False
003380/2024,DAE_SEI,8,16/07/2019,Evento do Processo Original,False
003380/2024,DAE_SEI,9,16/07/2019,Evento do Processo Original,False
003380/2024,DAE_SEI,10,16/07/2019,Evento do Processo Original,False
003380/2024,DAE_SEI,11,16/07/2019,Evento do Processo Original,False
003380/2024,DAE_SEI,12,16/07/2019,Evento do Processo Original,False
003380/2024,DAE_SEI,13,16/07/2019,Evento do Processo Original,False
003380/2024,DAE_SEI,14,16/07/2019,Evento do Processo Original,False
003380/2024,DAE_SEI,15,16/07/2019,Evento do Processo Original,False
003380/2024,DAE_SEI,16,16/07/2019,Evento do Processo Original,False
003380/2024,DAE_SEI,17,16/07/2019,Evento do Processo Original,False
003380/2024,DAE_SEI,18,16/07/2019,Evento do Processo Original,False
003380/2024,DAE_SEI,19,16/07/2019,Evento do Processo Original,False
003380/2024,DAE_SEI,20,16/07/2019,Evento do Processo Original,False
003380/2024,DAE_SEI,21,16/07/2019,Evento do Processo Original,False
003380/2024,DAE_SEI,22,10/12/2019,Evento do Processo Original,False
003380/2024,DAE_SEI,23,19/12/2019,Evento do Processo Original,False
003380/2024,DAE_SEI,24,16/01/2020,Evento do Processo Original,False
003380/2024,DAE_SEI,25,12/02/2020,Evento do Processo Original,False
003380/2024,DAE_SEI,26,03/03/2020,Evento do Processo Original,False
003380/2024,DAE_SEI,27,05/03/2020,Evento do Processo Original,False
003380/2024,DAE_SEI,28,10/03/2020,Evento do Processo Original,False
003380/2024,DAE_SEI,29,10/03/2020,Evento do Processo Original,False
003380/2024,DAE_SEI,30,10/03/2020,Evento do Processo Original,False
003380/2024,DAE_SEI,31,16/03/2020,Evento do Processo Original,False
003380/2024,DAE_SEI,32,26/06/2020,Evento do Processo Original,False
003380/2024,DAE_SEI,33,24/09/2020,Evento do Processo Original,False
003380/2024,DAE_SEI,34,24/09/2020,Evento do Processo Original,False
003380/2024,DAE_SEI,35,24/09/2020,Evento do Processo Original,False
003380/2024,DAE_SEI,36,24/09/2020,Evento do Processo Original,False
003380/2024,DAE_SEI,37,24/09/2020,Evento do Processo Original,False
003380/2024,DAE_SEI,38,06/10/2020,Evento do Processo Original,False
003380/2024,DAE_SEI,39,20/10/2020,Evento do Processo Original,False
003380/2024,DAE_SEI,40,25/02/2021,Evento do Processo Original,False
003380/2024,DAE_SEI,41,25/02/2021,Evento do Processo Original,False
003380/2024,DAE_SEI,42,23/03/2021,Evento do Processo Original,False
003380/2024,DAE_SEI,43,31/03/2021,Evento do Processo Original,False
003380/2024,DAE_SEI,44,22/04/2021,Evento do Processo Original,False
003380/2024,DAE_SEI,45,26/07/2021,Evento do Processo Original,False
003380/2024,DAE_SEI,46,26/07/2021,Evento do Processo Original,False
003380/2024,DAE_SEI,47,26/07/2021,Evento do Processo Original,False
003380/2024,DAE_SEI,48,22/10/2021,Evento do Processo Original,False
003380/2024,DAE_SEI,49,26/03/2022,Evento do Processo Original,False
003380/2024,DAE_SEI,50,10/04/2023,Evento do Processo Original,False
003380/2024,DAE_SEI,51,06/02/2024,Evento do Processo Original,False
003380/2024,DAE_SEI,52,09/02/2024,Evento do Processo Original,False
003380/2024,DAE_SEI,53,04/03/2024,Evento do Processo Original,False
003380/2024,DAE_SEI,54,13/03/2024,Evento do Processo Original,False
003380/2024,DAE_SEI,55,26/03/2024,Evento do Processo Original,False
003380/2024,DAE_SEI,56,26/03/2024,Evento do Processo Original,False
003380/2024,DAE_SEI,57,01/04/2024,Evento do Processo Original,False
003380/2024,DAE_SEI,58,04/04/2024,Evento do Processo Original,False
003380/2024,DAE_SEI,59,04/04/2024,Evento do Processo Original,False
003380/2024,DAE_SEI,60,17/04/2024,Evento do Processo Original,False
003380/2024,DAE_SEI,61,17/04/2024,Evento do Processo Original,False
000142/2023,DAE_SEI,31,11/09/2020,Evento do Processo Original,False
000142/2023,DAE_SEI,32,21/09/2020,Evento do Processo Original,False
000142/2023,DAE_SEI,33,28/09/2020,Evento do Processo Original,False
000142/2023,DAE_SEI,34,28/09/2020,Evento do Processo Original,False
000142/2023,DAE_SEI,35,30/09/2020,Evento do Processo Original,False
000142/2023,DAE_SEI,36,02/07/2021,Evento do Processo Original,False
000142/2023,DAE_SEI,37,06/07/2021,Evento do Processo Original,False
000142/2023,DAE_SEI,38,06/11/2021,Evento do Processo Original,False
000142/2023,DAE_SEI,39,18/11/2021,Evento do Processo Original,False
000142/2023,DAE_SEI,40,29/11/2021,Evento do Processo Original,False
000142/2023,DAE_SEI,41,22/02/2022,Evento do Processo Original,False
000142/2023,DAE_SEI,42,22/02/2022,Evento do Processo Original,False
000142/2023,DAE_SEI,43,03/04/2022,Evento do Processo Original,False
000142/2023,DAE_SEI,44,11/04/2022,Evento do Processo Original,False
000142/2023,DAE_SEI,45,11/04/2022,Evento do Processo Original,False
000142/2023,DAE_SEI,46,20/04/2022,Evento do Processo Original,False
000142/2023,DAE_SEI,47,20/04/2022,Evento do Processo Original,False
000142/2023,DAE_SEI,48,04/05/2022,Evento do Processo Original,False
000142/2023,DAE_SEI,49,26/05/2022,Evento do Processo Original,False
000142/2023,DAE_SEI,50,07/06/2022,Evento do Processo Original,False
000142/2023,DAE_SEI,51,07/06/2022,Evento do Processo Original,False
000142/2023,DAE_SEI,52,30/07/2022,Evento do Processo Original,False
000142/2023,DAE_SEI,53,26/01/2023,Evento do Processo Original,False
000142/2023,DAE_SEI,54,01/02/2023,Evento do Processo Original,False
000142/2023,DAE_SEI,55,06/03/2023,Evento do Processo Original,False
000101/2022,DAE_SEI,1,06/04/2022,Capa,False
000115/2022,DAE_SEI,1,06/04/2022,Capa,False
000115/2022,DAE_SEI,40,06/04/2022,Certidão de Inscrição no Cadastro Informativo de Créditos não Quitados,False
000119/2022,DAE_SEI,1,07/04/2022,Capa,False
000119/2022,DAE_SEI,40,07/04/2022,Certidão de Inscrição no Cadastro Informativo de Créditos não Quitados,False
000123/2022,DAE_SEI,1,07/04/2022,Capa,False
000123/2022,DAE_SEI,38,07/04/2022,Certidão de Inscrição no Cadastro Informativo de Créditos não Quitados,False
000133/2022,DAE_SEI,1,08/04/2022,Capa,False
000134/2022,DAE_SEI,1,08/04/2022,Capa,False
000134/2022,DAE_SEI,58,08/04/2022,Certidão de Inscrição no Cadastro Informativo de Créditos não Quitados,False
002701/2022,DAE_SEI,1,13/07/2022,Capa,False
003006/2022,DAE_SEI,1,28/07/2022,Capa,False
003023/2022,DAE_SEI,56,05/08/2022,Certidão de Inscrição no Cadastro Informativo de Créditos não Quitados,False
003078/2022,DAE_SEI,53,12/09/2022,Certidão de Inscrição no Cadastro Informativo de Créditos não Quitados,False
003078/2022,DAE_SEI,54,12/09/2022,Certidão de Inscrição no Cadastro Informativo de Créditos não Quitados,False
003064/2022,DAE_SEI,1,15/09/2022,Capa,False
003064/2022,DAE_SEI,57,15/09/2022,Certidão de Inscrição no Cadastro Informativo de Créditos não Quitados,False
003654/2022,DAE_SEI,1,29/09/2022,Capa,False
003659/2022,DAE_SEI,65,17/10/2022,Certidão de Inscrição no Cadastro Informativo de Créditos não Quitados,False
003668/2022,DAE_SEI,1,20/10/2022,Capa,False
003687/2022,DAE_SEI,1,24/10/2022,Capa,False
003690/2022,DAE_SEI,1,25/10/2022,Capa,False
003709/2022,DAE_SEI,1,25/11/2022,Capa,False
000130/2023,DAE_SEI,1,17/02/2023,Capa,False
000130/2023,DAE_SEI,54,17/02/2023,Certidão de Inscrição no Cadastro Informativo de Créditos não Quitados,False
000142/2023,DAE_SEI,1,07/03/2023,Capa,False
000142/2023,DAE_SEI,56,07/03/2023,Certidão de Inscrição no Cadastro Informativo de Créditos não Quitados,False
003064/2022,DAE_SEI,60,12/09/2023,Certidão de Inscrição no Cadastro Informativo de Créditos não Quitados,False
003078/2022,DAE_SEI,57,13/09/2023,Certidão de Inscrição no Cadastro Informativo de Créditos não Quitados,False
000130/2023,DAE_SEI,57,09/10/2023,Certidão de Inscrição no Cadastro Informativo de Créditos não Quitados,False
000130/2023,DAE_SEI,58,09/10/2023,Certidão de Inscrição no Cadastro Informativo de Créditos não Quitados,False
003659/2022,DAE_SEI,68,04/12/2023,Certidão de Inscrição no Cadastro Informativo de Créditos não Quitados,False
003023/2022,DAE_SEI,59,04/12/2023,Certidão de Inscrição no Cadastro Informativo de Créditos não Quitados,False
000130/2023,DAE_SEI,61,29/01/2024,Certidão de Inscrição no Cadastro Informativo de Créditos não Quitados,False
000421/2024,DAE_SEI,1,15/02/2024,Capa,False
000101/2022,DAE_SEI,47,01/04/2024,Certidão de Inscrição no Cadastro Informativo de Créditos não Quitados,False
000142/2023,DAE_SEI,61,01/04/2024,Certidão de Inscrição no Cadastro Informativo de Créditos não Quitados,False
002010/2024,DAE_SEI,1,21/05/2024,Capa,False
002062/2024,DAE_SEI,1,07/06/2024,Capa,False
002564/2024,DAE_SEI,1,11/06/2024,Capa,False
000101/2022,DAE_SEI,52,11/07/2024,Certidão de Inscrição no Cadastro Informativo de Créditos não Quitados,False
003380/2024,DAE_SEI,66,09/09/2024,Certidão de Inscrição no Cadastro Informativo de Créditos não Quitados,False
002701/2022,DAE_SOB,61,06/08/2025,Tramitacao_Processo_Administrativa,False
005310/2017,DE,17,06/12/2017,Termo de Apensamento,False
005310/2017,DE,18,12/12/2017,Termo de Apensamento,False
005310/2017,DE,54,13/02/2020,Termo de Apensamento,False
003709/2022,DE,80,11/01/2025,Processo_distribuicao_relator_TCE,False
000101/2022,DE,60,11/01/2025,Processo_distribuicao_relator_TCE,False
000115/2022,DE,53,11/01/2025,Processo_distribuicao_relator_TCE,False
000133/2022,DE,51,11/01/2025,Processo_distribuicao_relator_TCE,False
002701/2022,DE,58,11/01/2025,Processo_distribuicao_relator_TCE,False
003668/2022,DE,72,11/01/2025,Processo_distribuicao_relator_TCE,False
003687/2022,DE,71,11/01/2025,Processo_distribuicao_relator_TCE,False
003690/2022,DE,80,11/01/2025,Processo_distribuicao_relator_TCE,False
003064/2022,DE,71,11/01/2025,Processo_distribuicao_relator_TCE,False
003654/2022,DE,56,11/01/2025,Capa,False
003654/2022,DE,57,11/01/2025,Processo_distribuicao_relator_TCE,False
000101/2022,DE,61,12/01/2025,Capa,False
000101/2022,DE,62,12/01/2025,Processo_distribuicao_relator_TCE,False
003380/2024,CCD,70,01/12/2025,Envio a Cons. Relator(a) para deliberação acerca de sobrestamento......,False
000101/2022,CCD,68,17/12/2025,Informação instrutiva....,False
000133/2022,CCD,56,06/04/2026,Certidão de Inscrição no Cadastro Informativo de Créditos não Quitados,False
002564/2024,CCD,57,19/06/2026,Informação instrutiva....,False
002564/2024,CCD,58,08/07/2026,Informação instrutiva....,False
000119/2022,CCD,55,17/07/2026,Informação instrutiva....,False
000134/2022,CCD,69,17/07/2026,Informação instrutiva....,False
003006/2022,CCD,51,17/07/2026,Informação instrutiva....,False
003709/2022,CCD,83,17/07/2026,Informação instrutiva....,False
005310/2017,COFIN,69,13/04/2022,"À Diretoria de Administração Geral, para conhecimento e deliberação no tocante à sugestão descrita, destarte, sugere-se o retorno do feito ao gabinete do Excelentíssimo Conselheiro Relator para ciência do aqui exposto e para que, se assim julgar necessário, seja providenciada a comprovação pela part",False
005310/2017,DAE_EXP,50,16/01/2020,Despacho de texto livre....,False
005310/2017,DAE_EXP,53,13/02/2020,NOT245/2020,False
005310/2017,DAE_EXP,55,14/02/2020,Espelho de comunicação processual....,False
005310/2017,DAE_EXP,56,14/02/2020,Certidão DAE,False
005310/2017,DAE_EXP,59,06/03/2020,NOT441/2020,False
005310/2017,DAE_EXP,60,23/08/2020,Espelho de comunicação processual....,False
005310/2017,DAE_EXP,61,23/08/2020,Certidão DAE,False
002701/2022,DAE_EXP,44,05/02/2024,Cancelamento de Dívida,False
002701/2022,DAE_EXP,45,05/02/2024,DESPACHO - EXECUTAR MULTA DIÁRIA...,False
002701/2022,DAE_EXP,47,21/02/2024,Citação nº 000237/2024 - DAE -  Nereu Batista Linhares - Presidente do IPERN,False
005310/2017,DAE_EXP,73,27/02/2024,DESPACHO - EXECUTAR MULTA DIÁRIA...,False
002701/2022,DAE_EXP,49,05/04/2024,Processo_apensamento_TCE,False
005310/2017,DAE_MANDA,63,09/10/2020,MANDADO DE INTIMAÇÃO PARA COMUNICAÇÃO DA DECISÃO A DESTINATÁRIO DIVERSO.....................,False
003064/2022,DAE_SEI,62,25/09/2023,Informação de Protesto de Dívida,False
003078/2022,DAE_SEI,60,26/09/2023,Informação de Protesto de Dívida,False
003023/2022,DAE_SEI,57,10/10/2023,Impossibilidade do deconto em folha - ADI 0808846-43.2020.8.200000...,False
003659/2022,DAE_SEI,66,10/10/2023,Impossibilidade do deconto em folha - ADI 0808846-43.2020.8.200000...,False
000130/2023,DAE_SEI,59,11/10/2023,Informação de Protesto de Dívida,False
000130/2023,DAE_SEI,60,06/11/2023,Informação de Protesto de Dívida,False
003064/2022,DAE_SEI,63,16/11/2023,Certidão de Inscrição no Cadastro Informativo de Créditos não Quitados,False
003078/2022,DAE_SEI,61,16/11/2023,Certidão de Inscrição no Cadastro Informativo de Créditos não Quitados,False
003064/2022,DAE_SEI,64,17/11/2023,PROTESTO SEM ÊXITO...,False
003078/2022,DAE_SEI,62,17/11/2023,PROTESTO SEM ÊXITO...,False
003659/2022,DAE_SEI,69,07/12/2023,Informação de Protesto de Dívida,False
003023/2022,DAE_SEI,60,07/12/2023,Informação de Protesto de Dívida,False
003659/2022,DAE_SEI,70,28/12/2023,Informação de Protesto de Dívida,False
003023/2022,DAE_SEI,61,28/12/2023,Informação de Protesto de Dívida,False
000130/2023,DAE_SEI,65,29/10/2024,Promover o desconto em folha do débito do gestor...,True
005310/2017,DAE_SEI,77,13/11/2024,Certidão de Inscrição no Cadastro Informativo de Créditos não Quitados,False
005310/2017,DAE_SEI,78,08/01/2025,Tramitacao_Processo_Administrativa,False
000101/2022,DAE_SEI,58,08/01/2025,Tramitacao_Processo_Administrativa,False
000115/2022,DAE_SEI,51,08/01/2025,Tramitacao_Processo_Administrativa,False
000119/2022,DAE_SEI,49,08/01/2025,Tramitacao_Processo_Administrativa,False
000123/2022,DAE_SEI,47,08/01/2025,Tramitacao_Processo_Administrativa,False
000133/2022,DAE_SEI,49,08/01/2025,Tramitacao_Processo_Administrativa,False
000134/2022,DAE_SEI,67,08/01/2025,Tramitacao_Processo_Administrativa,False
003006/2022,DAE_SEI,49,08/01/2025,Tramitacao_Processo_Administrativa,False
003023/2022,DAE_SEI,65,08/01/2025,Tramitacao_Processo_Administrativa,False
003078/2022,DAE_SEI,65,08/01/2025,Tramitacao_Processo_Administrativa,False
003064/2022,DAE_SEI,69,08/01/2025,Tramitacao_Processo_Administrativa,False
003654/2022,DAE_SEI,55,08/01/2025,Tramitacao_Processo_Administrativa,False
003659/2022,DAE_SEI,74,08/01/2025,Tramitacao_Processo_Administrativa,False
003668/2022,DAE_SEI,70,08/01/2025,Tramitacao_Processo_Administrativa,False
003686/2022,DAE_SEI,91,08/01/2025,Tramitacao_Processo_Administrativa,False
003687/2022,DAE_SEI,69,08/01/2025,Tramitacao_Processo_Administrativa,False
003690/2022,DAE_SEI,78,08/01/2025,Tramitacao_Processo_Administrativa,False
003701/2022,DAE_SEI,69,08/01/2025,Tramitacao_Processo_Administrativa,False
003709/2022,DAE_SEI,78,08/01/2025,Tramitacao_Processo_Administrativa,False
000142/2023,DAE_SEI,70,08/01/2025,Tramitacao_Processo_Administrativa,False
000421/2024,DAE_SEI,51,08/01/2025,Tramitacao_Processo_Administrativa,False
002010/2024,DAE_SEI,66,08/01/2025,Tramitacao_Processo_Administrativa,False
002062/2024,DAE_SEI,47,08/01/2025,Tramitacao_Processo_Administrativa,False
002564/2024,DAE_SEI,55,08/01/2025,Tramitacao_Processo_Administrativa,False
003380/2024,DAE_SEI,68,08/01/2025,Tramitacao_Processo_Administrativa,False
005310/2017,DE,11,25/05/2017,Termo de Apensamento,False
005310/2017,DE,27,05/07/2018,Termo de Apensamento,False
000101/2022,DE,46,20/03/2024,Processo_distribuicao_relator_TCE,False
000115/2022,DE,46,20/03/2024,Processo_distribuicao_relator_TCE,False
000119/2022,DE,46,20/03/2024,Processo_distribuicao_relator_TCE,False
000123/2022,DE,44,20/03/2024,Processo_distribuicao_relator_TCE,False
000134/2022,DE,64,20/03/2024,Processo_distribuicao_relator_TCE,False
003006/2022,DE,46,20/03/2024,Processo_distribuicao_relator_TCE,False
000142/2023,DE,58,20/03/2024,Processo_distribuicao_relator_TCE,False
000101/2022,DE_EXP,66,26/09/2025,Notificação nº 001531/2025 - DE - INSTITUTO DE PREVIDÊNCIA DOS SERVIDORES DO ESTADO DO RN - IPERN,False
000119/2022,DE_EXP,53,07/10/2025,Notificação nº 001527/2025 - DE - INSTITUTO DE PREVIDÊNCIA DOS SERVIDORES DO ESTADO DO RN - IPERN,False
000123/2022,DE_EXP,51,07/10/2025,Notificação nº 001528 - DE - INSTITUTO DE PREVIDÊNCIA DOS SERVIDORES DO ESTADO DO RN - IPERN,False
000115/2022,DE_EXP,59,07/10/2025,Notificação nº 001590/2025 - DE - INSTITUTO DE PREVIDÊNCIA DOS SERVIDORES DO ESTADO DO RN - IPERN,False
002010/2024,DAE_SEI,58,22/02/2024,Evento do Processo Original,False
002010/2024,DAE_SEI,59,13/03/2024,Evento do Processo Original,False
002010/2024,DAE_SEI,60,18/03/2024,Evento do Processo Original,False
002010/2024,DAE_SEI,61,06/05/2024,Evento do Processo Original,False
002010/2024,DAE_SEI,62,07/05/2024,Evento do Processo Original,False
002010/2024,DAE_SEI,63,21/05/2024,Certidão de Inscrição no Cadastro Informativo de Créditos não Quitados,False
002062/2024,DAE_SEI,2,15/02/2018,Evento do Processo Original,False
002062/2024,DAE_SEI,3,16/05/2018,Evento do Processo Original,False
002062/2024,DAE_SEI,4,26/07/2019,Evento do Processo Original,False
002062/2024,DAE_SEI,5,10/12/2020,Evento do Processo Original,False
002062/2024,DAE_SEI,6,17/12/2020,Evento do Processo Original,False
002062/2024,DAE_SEI,7,10/05/2021,Evento do Processo Original,False
002062/2024,DAE_SEI,8,27/07/2021,Evento do Processo Original,False
002062/2024,DAE_SEI,9,27/07/2021,Evento do Processo Original,False
002062/2024,DAE_SEI,10,17/08/2021,Evento do Processo Original,False
002062/2024,DAE_SEI,11,18/08/2021,Evento do Processo Original,False
002062/2024,DAE_SEI,12,23/08/2021,Evento do Processo Original,False
002062/2024,DAE_SEI,13,24/08/2021,Evento do Processo Original,False
002062/2024,DAE_SEI,14,24/08/2021,Evento do Processo Original,False
002062/2024,DAE_SEI,15,13/09/2021,Evento do Processo Original,False
002062/2024,DAE_SEI,16,16/09/2021,Evento do Processo Original,False
002062/2024,DAE_SEI,17,13/10/2021,Evento do Processo Original,False
002062/2024,DAE_SEI,18,13/10/2021,Evento do Processo Original,False
002062/2024,DAE_SEI,19,13/10/2021,Evento do Processo Original,False
002062/2024,DAE_SEI,20,13/10/2021,Evento do Processo Original,False
002062/2024,DAE_SEI,21,13/10/2021,Evento do Processo Original,False
002062/2024,DAE_SEI,22,03/09/2021,Evento do Processo Original,False
002062/2024,DAE_SEI,23,18/10/2021,Evento do Processo Original,False
002062/2024,DAE_SEI,24,25/11/2021,Evento do Processo Original,False
002062/2024,DAE_SEI,25,25/11/2021,Evento do Processo Original,False
002062/2024,DAE_SEI,26,04/04/2022,Evento do Processo Original,False
002062/2024,DAE_SEI,27,04/04/2022,Evento do Processo Original,False
002062/2024,DAE_SEI,28,07/04/2022,Evento do Processo Original,False
002062/2024,DAE_SEI,29,11/04/2022,Evento do Processo Original,False
002062/2024,DAE_SEI,30,26/04/2022,Evento do Processo Original,False
002062/2024,DAE_SEI,31,06/06/2022,Evento do Processo Original,False
002062/2024,DAE_SEI,32,06/06/2022,Evento do Processo Original,False
002062/2024,DAE_SEI,33,27/07/2022,Evento do Processo Original,False
002062/2024,DAE_SEI,34,02/02/2024,Evento do Processo Original,False
002062/2024,DAE_SEI,35,06/02/2024,Evento do Processo Original,False
002062/2024,DAE_SEI,36,16/02/2024,Evento do Processo Original,False
002062/2024,DAE_SEI,37,20/03/2024,Evento do Processo Original,False
002062/2024,DAE_SEI,38,22/03/2024,Evento do Processo Original,False
002062/2024,DAE_SEI,39,07/06/2024,Certidão de Inscrição no Cadastro Informativo de Créditos não Quitados,False
005310/2017,DAG,68,12/04/2022,À COFIN...,False
005310/2017,DAG,70,13/04/2022,Ao GCREN,False
005310/2017,DE,15,05/09/2017,Termo de Apensamento,False
002701/2022,DE,51,25/06/2024,Processo Distribuído ao Relator,False
000133/2022,DE,47,02/01/2025,Capa,False
002701/2022,DE,55,02/01/2025,Capa,False
003064/2022,DE,67,02/01/2025,Capa,False
003668/2022,DE,68,02/01/2025,Capa,False
003687/2022,DE,67,02/01/2025,Capa,False
003690/2022,DE,76,02/01/2025,Capa,False
003709/2022,DE,76,02/01/2025,Capa,False
000101/2022,DE,56,02/01/2025,Capa,False
000115/2022,DE,49,02/01/2025,Capa,False
003709/2022,DE,79,11/01/2025,Capa,False
000101/2022,DE,59,11/01/2025,Capa,False
000115/2022,DE,52,11/01/2025,Capa,False
000133/2022,DE,50,11/01/2025,Capa,False
002701/2022,DE,57,11/01/2025,Capa,False
003668/2022,DE,71,11/01/2025,Capa,False
003687/2022,DE,70,11/01/2025,Capa,False
003690/2022,DE,79,11/01/2025,Capa,False
003064/2022,DE,70,11/01/2025,Capa,False
000130/2023,DE_EXP,73,14/01/2025,Certidão Diretoria de Expediente,False
000133/2022,GCPRO,46,05/02/2024,Acolho o encaminhamento do Parecer Ministerial e determino o envio a DAE para prosseguimento do feito..........,False
002701/2022,GCPRO,53,02/07/2024,Termo de desapensamento,False
002701/2022,GCPRO,54,02/07/2024,...,False
005310/2017,GCREN,80,20/10/2025,Despacho DAE - Execução...,False
005310/2017,GCREN,82,10/11/2025,DESPACHO...,False
002564/2024,DAE_SEI,18,03/09/2021,Evento do Processo Original,False
002564/2024,DAE_SEI,19,04/10/2021,Evento do Processo Original,False
002564/2024,DAE_SEI,20,04/10/2021,Evento do Processo Original,False
002564/2024,DAE_SEI,21,27/10/2021,Evento do Processo Original,False
002564/2024,DAE_SEI,22,27/10/2021,Evento do Processo Original,False
002564/2024,DAE_SEI,23,27/10/2021,Evento do Processo Original,False
002564/2024,DAE_SEI,24,27/10/2021,Evento do Processo Original,False
002564/2024,DAE_SEI,25,27/10/2021,Evento do Processo Original,False
002564/2024,DAE_SEI,26,03/11/2021,Evento do Processo Original,False
002564/2024,DAE_SEI,27,25/11/2021,Evento do Processo Original,False
002564/2024,DAE_SEI,28,10/12/2021,Evento do Processo Original,False
002564/2024,DAE_SEI,29,04/04/2022,Evento do Processo Original,False
002564/2024,DAE_SEI,30,04/04/2022,Evento do Processo Original,False
002564/2024,DAE_SEI,31,04/04/2022,Evento do Processo Original,False
002564/2024,DAE_SEI,32,05/04/2022,Evento do Processo Original,False
002564/2024,DAE_SEI,33,11/04/2022,Evento do Processo Original,False
002564/2024,DAE_SEI,34,15/06/2022,Evento do Processo Original,False
002564/2024,DAE_SEI,35,15/06/2022,Evento do Processo Original,False
002564/2024,DAE_SEI,36,27/07/2022,Evento do Processo Original,False
002564/2024,DAE_SEI,37,01/08/2022,Evento do Processo Original,False
002564/2024,DAE_SEI,38,12/08/2022,Evento do Processo Original,False
002564/2024,DAE_SEI,39,17/11/2022,Evento do Processo Original,False
002564/2024,DAE_SEI,40,17/11/2022,Evento do Processo Original,False
002564/2024,DAE_SEI,41,06/03/2023,Evento do Processo Original,False
002564/2024,DAE_SEI,42,07/02/2024,Evento do Processo Original,False
002564/2024,DAE_SEI,43,08/02/2024,Evento do Processo Original,False
002564/2024,DAE_SEI,44,28/02/2024,Evento do Processo Original,False
002564/2024,DAE_SEI,45,20/03/2024,Evento do Processo Original,False
002564/2024,DAE_SEI,46,26/04/2024,Evento do Processo Original,False
002564/2024,DAE_SEI,47,11/06/2024,Certidão de Inscrição no Cadastro Informativo de Créditos não Quitados,False
002062/2024,DAE_SEI,40,14/06/2024,Informação de Protesto de Dívida,False
002564/2024,DAE_SEI,48,14/06/2024,Informação de Protesto de Dívida,False
002062/2024,DAE_SEI,41,20/06/2024,Informação de Protesto de Dívida,False
002564/2024,DAE_SEI,49,26/06/2024,Informação de Protesto de Dívida,False
000101/2022,DAE_SEI,53,12/07/2024,PROTESTO SEM ÊXITO...,False
000142/2023,DAE_SEI,66,12/07/2024,PROTESTO SEM ÊXITO...,False
000142/2023,DAE_SEI,67,12/07/2024,Certidão de Inscrição no Cadastro Informativo de Créditos não Quitados,False
005310/2017,DE,16,20/10/2017,Termo de Apensamento,False
005310/2017,DE,36,08/11/2018,Termo de Apensamento,False
000133/2022,DE,44,02/02/2024,Processo Distribuído ao Relator,False
002701/2022,DIP_SOBR,62,05/09/2025,Deliberação do Relator.,False
003380/2024,DIP_SOBR,72,17/06/2026,Ao Relator para deliberação.,False
005310/2017,GCREN,51,30/01/2020,...,False
005310/2017,GCREN,57,18/02/2020,DESPACHO...,False
005310/2017,GCREN,62,17/09/2020,...,False
005310/2017,GCREN,67,01/04/2022,...,False
000134/2022,PROC,60,01/09/2022,Processo Distribuído ao Procurador,False
000123/2022,PROC,40,01/09/2022,Processo Distribuído ao Procurador,False
000119/2022,PROC,42,01/09/2022,Processo Distribuído ao Procurador,False
000115/2022,PROC,42,01/09/2022,Processo Distribuído ao Procurador,False
003006/2022,PROC,42,01/09/2022,Processo Distribuído ao Procurador,False
003380/2024,DAE_SEI,62,15/07/2024,Evento do Processo Original,False
003380/2024,DAE_SEI,63,17/07/2024,Evento do Processo Original,False
003380/2024,DAE_SEI,64,02/09/2024,Evento do Processo Original,False
003380/2024,DAE_SEI,65,02/09/2024,Evento do Processo Original,False
003380/2024,DAE_SEI,67,01/10/2024,Certidão de Inscrição no Cadastro Informativo de Créditos não Quitados,False
005310/2017,DE,25,11/05/2018,Termo de Apensamento,False
000133/2022,DE,48,02/01/2025,Processo_distribuicao_relator_TCE,False
002701/2022,DE,56,02/01/2025,Processo_distribuicao_relator_TCE,False
003064/2022,DE,68,02/01/2025,Processo_distribuicao_relator_TCE,False
003668/2022,DE,69,02/01/2025,Processo_distribuicao_relator_TCE,False
003687/2022,DE,68,02/01/2025,Processo_distribuicao_relator_TCE,False
003690/2022,DE,77,02/01/2025,Processo_distribuicao_relator_TCE,False
003709/2022,DE,77,02/01/2025,Processo_distribuicao_relator_TCE,False
000130/2023,DE,69,02/01/2025,Capa,False
000130/2023,DE,70,02/01/2025,Processo_distribuicao_relator_TCE,False
000421/2024,DE,49,02/01/2025,Capa,False
000421/2024,DE,50,02/01/2025,Processo_distribuicao_relator_TCE,False
002010/2024,DE,64,02/01/2025,Capa,False
002010/2024,DE,65,02/01/2025,Processo_distribuicao_relator_TCE,False
000101/2022,DE,57,02/01/2025,Processo_distribuicao_relator_TCE,False
000115/2022,DE,50,02/01/2025,Processo_distribuicao_relator_TCE,False
000133/2022,DE,45,02/02/2024,Capa,False
000119/2022,DE_MANDA,52,16/09/2025,Notificação de responsável por desconto de dívida em folha de pagamento..................................................................................,False
000123/2022,DE_MANDA,50,16/09/2025,Notificação de responsável por desconto de dívida em folha de pagamento..................................................................................,False
000101/2022,DE_MANDA,65,17/09/2025,Notificação de responsável por desconto de dívida em folha de pagamento..................................................................................,False
000115/2022,DE_MANDA,58,22/09/2025,Notificação de responsável por desconto de dívida em folha de pagamento..................................................................................,False
000101/2022,PROC_EXE,54,15/07/2024,Quota. Desconto em folha. Remessa para DAE.....................,True
000142/2023,PROC_EXE,68,15/07/2024,Quota. Desconto em folha. Remessa para DAE.....................,True
002062/2024,PROC_EXE,45,16/08/2024,Quota. Desconto em folha. Remessa para DAE.....................,True
002564/2024,PROC_EXE,53,16/08/2024,Quota. Desconto em folha. Remessa para DAE.....................,True
000130/2023,PROC_EXE,75,26/02/2025,Quota. Monitoramento do desconto em folha...,True
003659/2022,CCD,75,17/04/2026,Certidão de Inscrição no Cadastro Informativo de Créditos não Quitados,False
003023/2022,CCD,66,17/04/2026,Certidão de Inscrição no Cadastro Informativo de Créditos não Quitados,False
003023/2022,CCD,67,24/04/2026,Ao Relator para deliberação.,False
003659/2022,CCD,76,24/04/2026,Ao Relator para deliberação.,False
000133/2022,CCD,57,25/05/2026,Certidão de Inscrição no Cadastro Informativo de Créditos não Quitados,False
000101/2022,CCD,69,18/06/2026,Informação instrutiva....,False
002062/2024,CCD,48,19/06/2026,Informação instrutiva....,False
003006/2022,CCD,50,19/06/2026,Informação instrutiva....,False
002564/2024,CCD,59,15/07/2026,Informação instrutiva....,False
003380/2024,CCD,73,17/07/2026,Informação instrutiva....,False
000119/2022,CCD,56,21/07/2026,Informação instrutiva....,False
000134/2022,CCD,70,21/07/2026,Informação instrutiva....,False
003006/2022,CCD,52,21/07/2026,Informação instrutiva....,False
003709/2022,CCD,84,21/07/2026,Informação instrutiva....,False
005310/2017,DAE_MANDA,7,25/04/2017,Notificação de responsável por desconto de dívida em folha de pagamento......................................................................,False
005310/2017,DAE_MANDA,8,25/04/2017,Notificação de responsável por desconto de dívida em folha de pagamento......................................................................,False
003078/2022,DAE_SEI,55,30/06/2023,Impossibilidade do deconto em folha - ADI 0808846-43.2020.8.200000...,False
003064/2022,DAE_SEI,58,04/07/2023,Impossibilidade do deconto em folha - ADI 0808846-43.2020.8.200000...,False
003078/2022,DAE_SEI,58,13/09/2023,IMPOSSIBILIDADE DE DECONTO EM FOLHA,False
000130/2023,DAE_SEI,55,14/09/2023,Impossibilidade do deconto em folha - ADI 0808846-43.2020.8.200000...,False
003064/2022,DAE_SEI,61,18/09/2023,Informação de Protesto de Dívida,False
003078/2022,DAE_SEI,59,18/09/2023,Informação de Protesto de Dívida,False
005310/2017,DAE_SEI,5,20/04/2017,Certidão de Inscrição no Cadastro Informativo de Créditos não Quitados,False
005310/2017,DE,14,08/08/2017,Termo de Apensamento,False
005310/2017,DE,34,10/08/2018,Termo de Apensamento,False
000101/2022,DE_EXP,67,04/12/2025,Certidão Diretoria de Expediente,False
000123/2022,DE_EXP,52,17/12/2025,Certidão Diretoria de Expediente,False
000115/2022,DE_EXP,60,17/12/2025,Certidão Diretoria de Expediente,False
000119/2022,DE_EXP,54,17/12/2025,Certidão Diretoria de Expediente,False
003078/2022,GCCTH,56,03/07/2023,Despacho...,False
003064/2022,GCCTH,59,04/07/2023,Despacho...,False
000130/2023,GCCTH,56,18/09/2023,Despacho. DAE....,False
003023/2022,GCCTH,58,11/10/2023,Despacho. DAE....,False
003659/2022,GCCTH,67,11/10/2023,Despacho. DAE....,False
000115/2022,DE,54,12/01/2025,Capa,False
000115/2022,DE,55,12/01/2025,Processo_distribuicao_relator_TCE,False
000133/2022,DE,52,12/01/2025,Capa,False
000133/2022,DE,53,12/01/2025,Processo_distribuicao_relator_TCE,False
002701/2022,DE,59,12/01/2025,Capa,False
002701/2022,DE,60,12/01/2025,Processo_distribuicao_relator_TCE,False
003064/2022,DE,72,12/01/2025,Capa,False
003064/2022,DE,73,12/01/2025,Processo_distribuicao_relator_TCE,False
003668/2022,DE,73,12/01/2025,Capa,False
003668/2022,DE,74,12/01/2025,Processo_distribuicao_relator_TCE,False
003687/2022,DE,72,12/01/2025,Capa,False
003687/2022,DE,73,12/01/2025,Processo_distribuicao_relator_TCE,False
003690/2022,DE,81,12/01/2025,Capa,False
003690/2022,DE,82,12/01/2025,Processo_distribuicao_relator_TCE,False
003709/2022,DE,81,12/01/2025,Capa,False
003709/2022,DE,82,12/01/2025,Processo_distribuicao_relator_TCE,False
000101/2022,DE,45,20/03/2024,Capa,False
000115/2022,DE,45,20/03/2024,Capa,False
000119/2022,DE,45,20/03/2024,Capa,False
000123/2022,DE,43,20/03/2024,Capa,False
000134/2022,DE,63,20/03/2024,Capa,False
003006/2022,DE,45,20/03/2024,Capa,False
000142/2023,DE,57,20/03/2024,Capa,False
000133/2022,PROC,42,18/04/2022,Processo Distribuído ao Procurador,False
000130/2023,PROC_EXE,63,01/02/2024,Quota. Desconto em folha. Remessa para DAE.....................,True
003064/2022,PROC_EXE,65,01/02/2024,Quota. Desconto em folha. Remessa para DAE.....................,True
003078/2022,PROC_EXE,63,01/02/2024,Quota. Desconto em folha. Remessa para DAE.....................,True
000123/2022,PROC_EXE,41,01/02/2024,Quota. Desconto em folha. Remessa para DAE.....................,True
000134/2022,PROC_EXE,61,01/02/2024,Quota. Desconto em folha. Remessa para DAE.....................,True
003006/2022,PROC_EXE,43,01/02/2024,Quota. Desconto em folha. Remessa para DAE.....................,True
000115/2022,PROC_EXE,43,01/02/2024,Quota. Desconto em folha. Remessa para DAE.....................,True
000119/2022,PROC_EXE,43,01/02/2024,Quota. Desconto em folha. Remessa para DAE.....................,True
000133/2022,PROC_EXE,43,01/02/2024,Quota. Desconto em folha. Remessa para DAE.....................,True
003023/2022,PROC_EXE,63,26/02/2024,Quota. Desconto em folha. Remessa para DAE.....................,True
003659/2022,PROC_EXE,72,26/02/2024,Quota. Desconto em folha. Remessa para DAE.....................,True
000421/2024,DAE_SEI,20,03/05/2021,Evento do Processo Original,False
000421/2024,DAE_SEI,21,01/07/2021,Evento do Processo Original,False
000421/2024,DAE_SEI,22,01/07/2021,Evento do Processo Original,False
000421/2024,DAE_SEI,23,01/07/2021,Evento do Processo Original,False
000421/2024,DAE_SEI,24,01/07/2021,Evento do Processo Original,False
000421/2024,DAE_SEI,25,02/08/2021,Evento do Processo Original,False
000421/2024,DAE_SEI,26,02/12/2021,Evento do Processo Original,False
000421/2024,DAE_SEI,27,15/12/2021,Evento do Processo Original,False
000421/2024,DAE_SEI,28,16/12/2021,Evento do Processo Original,False
000421/2024,DAE_SEI,29,25/02/2022,Evento do Processo Original,False
000421/2024,DAE_SEI,30,28/03/2022,Evento do Processo Original,False
000421/2024,DAE_SEI,31,09/06/2022,Evento do Processo Original,False
000421/2024,DAE_SEI,32,14/06/2022,Evento do Processo Original,False
000421/2024,DAE_SEI,33,22/06/2022,Evento do Processo Original,False
000421/2024,DAE_SEI,34,22/06/2022,Evento do Processo Original,False
000421/2024,DAE_SEI,35,22/06/2022,Evento do Processo Original,False
000421/2024,DAE_SEI,36,28/06/2022,Evento do Processo Original,False
000421/2024,DAE_SEI,37,04/07/2022,Evento do Processo Original,False
000421/2024,DAE_SEI,38,04/07/2022,Evento do Processo Original,False
000421/2024,DAE_SEI,39,12/08/2022,Evento do Processo Original,False
000421/2024,DAE_SEI,40,16/08/2022,Evento do Processo Original,False
000421/2024,DAE_SEI,41,25/08/2022,Evento do Processo Original,False
000421/2024,DAE_SEI,42,31/08/2022,Evento do Processo Original,False
000421/2024,DAE_SEI,43,09/02/2024,Evento do Processo Original,False
000421/2024,DAE_SEI,44,09/02/2024,Evento do Processo Original,False
000421/2024,DAE_SEI,45,09/02/2024,Evento do Processo Original,False
000421/2024,DAE_SEI,46,09/02/2024,Evento do Processo Original,False
000421/2024,DAE_SEI,47,09/02/2024,Evento do Processo Original,False
000421/2024,DAE_SEI,48,15/02/2024,Certidão de Inscrição no Cadastro Informativo de Créditos não Quitados,False
003659/2022,DAE_SEI,71,23/02/2024,PROTESTO SEM ÊXITO...,False
003023/2022,DAE_SEI,62,23/02/2024,PROTESTO SEM ÊXITO...,False
000101/2022,DAE_SEI,44,20/03/2024,Cancelamento de Dívida,False
000142/2023,DAE_SEI,59,26/03/2024,Cancelamento de Dívida,False
000142/2023,DAE_SEI,60,26/03/2024,Certidão de Inscrição no Cadastro Informativo de Créditos não Quitados,False
000101/2022,DAE_SEI,48,03/04/2024,Informação de Protesto de Dívida,False
000142/2023,DAE_SEI,62,03/04/2024,Informação de Protesto de Dívida,False
000101/2022,DAE_SEI,49,23/04/2024,Informação de Protesto de Dívida,False
000142/2023,DAE_SEI,63,23/04/2024,Informação de Protesto de Dívida,False
000142/2023,GCAED,69,23/07/2024,DESPACHO GERAL...,False
002564/2024,GCAED,54,10/10/2024,DESPACHO GERAL...,False
002062/2024,GCAED,46,23/10/2024,DESPACHO GERAL...,False
000101/2022,GCAED,55,24/10/2024,DESPACHO GERAL...,False
003380/2024,GCAED,71,11/12/2025,,False
000130/2023,GCCTH,64,02/02/2024,Despacho DAE...,False
003064/2022,GCCTH,66,02/02/2024,Despacho DAE...,False
003078/2022,GCCTH,64,02/02/2024,Despacho DAE...,False
003659/2022,GCCTH,73,27/02/2024,Despacho...,False
003023/2022,GCCTH,64,27/02/2024,Despacho...,False
003659/2022,GCCTH,77,06/05/2026,Despacho. DIP. DE...,False
003023/2022,GCCTH,68,06/05/2026,Despacho. DIP. DE.......,False
005310/2017,GCREN,71,08/05/2023,"Constatado o reiterado descumprimento, aplique-se ao gestor a multa diária prevista.",False
005310/2017,GCREN,72,06/02/2024,PUBLICAÇÃO DESPACHO (DE ORDEM) PRESCRIÇÃO DIÁRIO ELETRONICO..............................................................................................,False
003709/2022,DAE_SEI,31,06/05/2021,Evento do Processo Original,False
003709/2022,DAE_SEI,32,01/07/2021,Evento do Processo Original,False
003709/2022,DAE_SEI,33,01/07/2021,Evento do Processo Original,False
003709/2022,DAE_SEI,34,01/07/2021,Evento do Processo Original,False
003709/2022,DAE_SEI,35,01/07/2021,Evento do Processo Original,False
003709/2022,DAE_SEI,36,21/07/2021,Evento do Processo Original,False
003709/2022,DAE_SEI,37,02/08/2021,Evento do Processo Original,False
003709/2022,DAE_SEI,38,14/12/2021,Evento do Processo Original,False
003709/2022,DAE_SEI,39,14/12/2021,Evento do Processo Original,False
003709/2022,DAE_SEI,40,14/12/2021,Evento do Processo Original,False
003709/2022,DAE_SEI,41,21/02/2022,Evento do Processo Original,False
003709/2022,DAE_SEI,42,17/03/2022,Evento do Processo Original,False
003709/2022,DAE_SEI,43,20/04/2022,Evento do Processo Original,False
003709/2022,DAE_SEI,44,05/05/2022,Evento do Processo Original,False
003709/2022,DAE_SEI,45,05/05/2022,Evento do Processo Original,False
003709/2022,DAE_SEI,46,05/05/2022,Evento do Processo Original,False
003709/2022,DAE_SEI,47,18/05/2022,Evento do Processo Original,False
003709/2022,DAE_SEI,48,25/05/2022,Evento do Processo Original,False
003709/2022,DAE_SEI,49,12/07/2022,Evento do Processo Original,False
003709/2022,DAE_SEI,50,12/07/2022,Evento do Processo Original,False
003709/2022,DAE_SEI,51,12/07/2022,Evento do Processo Original,False
003709/2022,DAE_SEI,52,12/07/2022,Evento do Processo Original,False
003709/2022,DAE_SEI,53,12/07/2022,Evento do Processo Original,False
003709/2022,DAE_SEI,54,12/07/2022,Evento do Processo Original,False
003709/2022,DAE_SEI,55,13/07/2022,Evento do Processo Original,False
003709/2022,DAE_SEI,56,20/07/2022,Evento do Processo Original,False
003709/2022,DAE_SEI,57,03/08/2022,Evento do Processo Original,False
003709/2022,DAE_SEI,58,04/08/2022,Evento do Processo Original,False
003709/2022,DAE_SEI,59,04/08/2022,Evento do Processo Original,False
003709/2022,DAE_SEI,60,04/08/2022,Evento do Processo Original,False
003709/2022,DAE_SEI,61,04/08/2022,Evento do Processo Original,False
003709/2022,DAE_SEI,62,09/08/2022,Evento do Processo Original,False
003709/2022,DAE_SEI,63,10/08/2022,Evento do Processo Original,False
003709/2022,DAE_SEI,64,16/08/2022,Evento do Processo Original,False
003709/2022,DAE_SEI,65,25/08/2022,Evento do Processo Original,False
003709/2022,DAE_SEI,66,31/08/2022,Evento do Processo Original,False
003709/2022,DAE_SEI,67,01/09/2022,Evento do Processo Original,False
003709/2022,DAE_SEI,68,01/09/2022,Evento do Processo Original,False
003709/2022,DAE_SEI,69,02/09/2022,Evento do Processo Original,False
003709/2022,DAE_SEI,70,14/09/2022,Evento do Processo Original,False
003709/2022,DAE_SEI,71,22/09/2022,Evento do Processo Original,False
003709/2022,DAE_SEI,72,13/10/2022,Evento do Processo Original,False
003709/2022,DAE_SEI,73,23/11/2022,Evento do Processo Original,False
003709/2022,DAE_SEI,74,23/11/2022,Evento do Processo Original,False
005310/2017,DE,12,20/07/2017,Termo de Apensamento,False
005310/2017,DE,26,06/06/2018,Termo de Apensamento,False
000101/2022,DE,51,01/07/2024,Processo_distribuicao_relator_TCE,False
000115/2022,DE,48,01/07/2024,Processo_distribuicao_relator_TCE,False
000119/2022,DE,47,01/07/2024,Capa,False
000119/2022,DE,48,01/07/2024,Processo_distribuicao_relator_TCE,False
000123/2022,DE,45,01/07/2024,Capa,False
000123/2022,DE,46,01/07/2024,Processo_distribuicao_relator_TCE,False
000134/2022,DE,65,01/07/2024,Capa,False
000134/2022,DE,66,01/07/2024,Processo_distribuicao_relator_TCE,False
003006/2022,DE,47,01/07/2024,Capa,False
003006/2022,DE,48,01/07/2024,Processo_distribuicao_relator_TCE,False
000142/2023,DE,64,01/07/2024,Capa,False
000142/2023,DE,65,01/07/2024,Processo_distribuicao_relator_TCE,False
002564/2024,DE,50,01/07/2024,Capa,False
002564/2024,DE,51,01/07/2024,Processo_distribuicao_relator_TCE,False
002062/2024,DE,42,01/07/2024,Capa,False
002062/2024,DE,43,01/07/2024,Processo_distribuicao_relator_TCE,False
002701/2022,DE,52,25/06/2024,Capa,False
000101/2022,DE,50,01/07/2024,Capa,False
000115/2022,DE,47,01/07/2024,Capa,False
000115/2022,GCADE,44,06/02/2024,,False
000119/2022,GCADE,44,06/02/2024,,False
003006/2022,GCADE,44,06/02/2024,,False
000123/2022,GCADE,42,06/02/2024,,False
000134/2022,GCADE,62,06/02/2024,,False
000130/2023,GCGIL,74,24/01/2025,DESPACHO...,False
002701/2022,GCGIL,63,28/01/2026,DESPACHO...,False
